F,1,10,48067
M,56,16,70072
M,25,15,55117
M,45,7,2460
M,25,20,55455
F,50,9,55117
M,35,1,6810
M,25,12,11413
M,25,17,61614
F,35,1,95370
F,25,1,4093
M,25,12,32793
M,45,1,93304
M,35,0,60126
M,25,7,22903
F,35,0,20670
M,50,1,95350
F,18,3,95825
M,1,10,48073
M,25,14,55113
M,18,16,99353
M,18,15,53706
M,35,0,90049
F,25,7,10023
M,18,4,1609
M,25,7,23112
M,25,11,19130
F,25,1,14607
M,35,7,33407
F,35,7,19143
M,56,7,6840
F,25,0,19355
M,45,3,55421
F,18,0,2135
M,45,1,2482
M,25,3,94123
F,25,9,66212
F,18,4,2215
M,18,4,61820
M,45,0,10543
F,18,4,15116
M,25,8,24502
M,25,12,60614
M,45,17,98052
F,45,16,94110
M,18,19,75602
M,18,4,94305
M,25,4,92107
M,18,12,77084
F,25,2,98133
F,1,10,10562
M,18,4,72212
M,25,0,96931
M,50,1,56723
F,35,12,55303
M,35,20,60440
M,18,19,30350
M,25,2,30303
F,50,1,55413
M,50,1,72118
M,25,17,95122
F,35,3,98105
M,18,4,54902
M,18,1,53706
M,35,12,55803
M,25,18,57706
F,50,5,60181
M,18,4,53706
F,25,1,2143
M,18,4,53703
M,25,14,95008
F,45,0,55122
M,18,4,53706
M,35,14,94530
F,1,10,1748
M,35,7,55413
M,18,4,15321
F,45,1,98029
F,45,0,98103
M,56,1,49327
F,25,0,60640
M,25,17,48380
F,25,2,94609
M,18,4,53140
M,18,4,94945
F,1,10,54467
M,25,14,48360
F,45,1,2476
F,56,9,85749
M,56,13,85749
M,35,7,7650
F,18,4,44243
M,25,17,95825
M,25,17,28601
M,45,0,98201
F,25,16,78028
F,35,3,66210
F,35,7,33547
F,1,10,19390
M,35,17,95401
F,18,3,33314
M,35,19,20871
M,45,7,92104
M,25,12,926
M,45,12,90277
F,35,11,79101
M,45,18,63129
M,25,12,30316
M,45,15,92028
M,25,2,90803
M,35,15,55416
M,25,16,97209
M,18,12,37032
F,25,2,83712
M,25,17,28083
M,25,17,55744
M,25,17,33314
M,35,17,22315
F,1,10,77515
M,25,11,27106
M,35,7,75229
F,18,4,94305
M,35,9,67208
M,56,7,91356
M,45,14,1701
M,18,9,98117
F,45,3,1770
M,56,6,37922
M,25,11,20164
M,35,17,50021
M,18,4,6520
M,25,17,99709
F,25,0,55071
M,25,0,66212
M,18,4,20006
M,18,2,21202
F,45,6,78758
M,18,20,22203
F,25,20,45409
F,35,1,55107
M,35,13,62035
M,25,7,10011
M,18,3,64043
M,25,17,29401
M,18,4,19081
F,35,20,10954
M,18,4,91360
M,50,17,57747
M,25,1,29205
M,35,7,98144
F,25,20,85013
M,18,4,48104
M,1,10,51537
M,50,20,94530
M,35,12,7470
F,45,7,14519
M,35,16,12866
M,56,7,28754
F,45,0,37922
M,35,7,13021
M,45,16,98107-2117
F,18,4,93117
M,18,4,85013
F,56,13,94566
M,18,16,98502
M,18,4,92802
F,25,11,10022
F,50,0,46970
M,25,7,55439
M,25,11,7002
F,50,17,55441
M,25,3,7661
M,25,0,45237
M,25,16,21203
F,25,2,95123
F,18,3,55016
M,50,1,54016
M,56,17,53705
M,25,0,2135
M,45,12,1603
M,18,17,33186
M,18,4,3052
F,45,1,55407
F,25,0,19001
M,45,0,14468
M,18,5,91767
F,45,1,94061
M,56,16,79930
M,18,0,60076
M,25,17,55125
M,18,4,4915
M,18,1,10977
F,45,15,44106
F,1,10,29146
M,25,12,10458
F,35,9,94587
M,18,14,10023
M,25,12,55108
M,18,4,83706
F,18,4,84321
F,35,2,55117
M,18,4,53706
F,18,4,53715
M,25,7,92123
M,35,12,97333
M,25,17,20194
M,25,12,94115
M,35,17,55432
M,35,1,90048
F,1,10,25801
M,45,17,90620
M,25,16,53714
F,18,4,1609
M,18,20,80218
M,35,14,92075
M,45,13,52761
M,18,4,22903
M,35,14,95822
F,25,4,55113
M,25,12,22903
F,25,0,94063
M,25,1,55116
M,25,17,28262
F,18,4,14850
M,25,7,11215
M,35,1,94518
M,35,20,90291
M,25,15,55455
M,18,10,4576
M,45,1,43210
M,25,3,55455
M,25,20,55408
F,45,20,37919-4204
M,35,7,39652
M,25,0,98153
M,25,5,55126
M,25,6,46835
F,50,7,90291
M,18,19,94618
M,50,17,55113
M,35,20,55121
F,18,4,53706
M,25,16,11576
M,50,7,19072
M,35,16,66046
F,18,4,60625
M,25,17,94404
M,18,17,72703
F,18,14,48126
M,35,16,11229
M,56,17,55105
M,25,12,94112
F,25,11,97370
M,35,17,49015
M,35,0,85310
M,45,16,55076
M,18,18,55113
M,25,7,55436
M,25,1,60615
M,18,19,98126
M,25,20,75801
F,25,1,68503
F,25,7,22304
M,35,0,20755
F,35,7,55116
M,35,11,75229
M,45,12,55001
F,18,12,29708
M,25,2,55408
M,50,14,55414
M,18,4,48202
M,18,0,80302
M,18,4,55427
M,18,4,55455
M,25,0,48162
M,45,16,1982
F,35,1,98126
M,45,18,60482
M,25,14,91214
M,50,7,19118
F,35,0,94117
M,25,17,94401
M,25,0,10003
M,25,12,91910
F,35,0,94109
M,25,1,54601
M,50,13,94706
F,25,12,97119
F,25,0,11801
F,25,20,94591
M,35,12,55110
M,35,7,19406
M,56,1,55337-4056
F,45,9,43147
M,18,0,80203
M,50,5,89432
M,18,2,97211
F,18,4,19010
M,25,12,97370
M,25,7,78664
M,18,4,61820
M,18,4,4901
M,25,7,20006
M,25,0,55414
F,18,0,55414
M,18,0,53051
M,50,16,90027
M,25,2,10025
M,25,4,16801
F,18,4,31207
M,18,4,31201
F,50,2,22207
F,18,4,2138
F,56,9,46911
F,56,1,55105
M,56,13,90740
M,35,7,38555
F,56,13,55104
F,50,6,33436
M,35,6,99516
M,18,4,55128
M,56,17,55117
M,45,12,53716
M,35,17,55106
F,50,3,55112
M,50,11,25302
M,35,18,55448
M,35,12,80401
M,35,7,2115
M,56,7,92065
M,25,7,55902
M,50,1,55109
M,35,2,55410
F,56,2,55113
M,35,18,55434
M,18,0,98765
M,18,19,80205
M,35,7,55116
M,50,7,80207
F,25,3,28001
F,56,13,92119
M,18,12,55076
F,35,3,55127
M,35,14,75034
M,25,12,94114
F,25,0,55110
F,56,1,55305
M,50,7,55110
M,1,10,8035
M,45,20,8035
M,18,4,55105
M,18,4,60115
F,35,7,92625
M,35,1,55117
M,18,3,55107
M,56,20,55101
M,18,0,98103
F,56,1,20815
M,25,17,55128
M,35,17,28208
F,25,14,94115
M,35,20,55407
M,18,10,55419
F,35,1,46815
F,18,4,2138
M,50,15,55126
M,50,12,55421
M,25,0,90293
M,35,1,55110
M,18,17,22304
M,18,4,2141
F,18,4,72227
F,25,2,55347
F,35,14,55346
M,25,2,55106
M,35,1,80026
M,25,17,55418
F,18,0,55105
F,35,1,54822
M,25,2,92024
M,35,17,89015
F,35,20,66205
F,25,7,78757
M,25,11,55075
M,25,6,68131
M,25,0,55408
F,35,7,55111
F,25,0,10021
M,25,6,68128
M,25,4,55405
M,45,11,22122
M,18,7,20037
M,35,17,55402
M,18,0,55013
M,18,5,55104
M,25,1,56187
M,35,17,22124
M,25,17,55454
F,35,6,55128
F,18,3,55422
M,18,0,55129
M,25,11,55427
M,18,4,2138
M,18,4,10128
M,56,1,13077
M,25,20,55105
M,18,17,89503
M,25,11,2143
M,18,12,55122
F,25,1,55417
F,45,1,43214
M,35,15,55117
M,25,11,55409
M,25,0,55317
F,35,0,55406
M,45,14,55076
F,25,0,50613
F,25,3,54016
M,18,3,55422
M,35,1,55406
F,45,3,55125
M,56,17,55104
M,18,4,55455
M,25,17,55112
M,25,12,55303
M,18,4,55455
M,35,12,55104
F,18,4,55455
M,18,0,54901
F,18,10,55306
M,18,10,55303
M,45,16,55306
M,50,6,55115
F,45,3,98155
M,25,7,55125
M,18,4,43023
M,35,17,55030
M,18,11,53705
M,35,14,55129
M,56,1,32940
M,35,1,55127
M,25,1,55105
M,25,3,55421
M,56,0,55108
M,45,12,55117
F,50,0,55042
F,45,11,55105
M,25,17,80123
M,25,7,85037
M,45,1,24523
M,56,13,54720
M,50,17,55117
M,18,4,55102
M,25,20,55092
F,35,2,55113
M,35,0,55105
M,18,4,54703
M,50,16,55405-2546
F,18,4,55105
M,45,18,55313
M,50,7,55075
M,18,16,55416
M,25,7,55105
F,18,4,55455
M,18,19,94523
M,25,5,55405
F,35,3,55075
F,1,10,55082
M,35,6,55122
F,1,10,55068
M,35,7,8904
M,35,0,55418
F,18,4,55112
M,25,17,92126
F,25,2,55421
M,35,0,55127
M,35,14,55410
M,50,16,55113
M,25,12,55042
F,18,4,55422
M,45,7,55115
M,25,14,55305
M,18,12,55105
F,1,10,55104
M,56,7,55042
M,56,0,91367
F,35,17,55082
M,25,12,55107
M,18,4,55455
M,1,10,55345
M,18,4,56043
M,25,12,55112
M,50,7,55016
F,35,0,17870
M,18,10,55421
M,18,4,55455
F,25,17,55412
M,35,17,55113
F,25,1,55108
F,18,2,55105
M,25,2,55372
M,35,6,55126
M,35,11,73120
M,25,2,17003
M,35,17,37815
M,25,16,55103-1006
F,25,0,55405
M,25,12,55418
M,25,2,55125
M,18,12,55109
F,45,4,15232
M,35,0,55379
M,25,0,55119
M,25,2,55113
M,25,1,55406
F,56,14,55033
F,25,14,55408
F,35,12,75240
F,35,14,55038
F,35,20,55104
M,56,7,55105
M,25,12,55124
M,50,7,55105
M,18,0,91320
M,35,6,19027
M,45,17,94806
F,25,2,11201
F,18,17,83843
M,35,12,92009
M,25,2,10019
F,18,14,22206
M,25,7,94301
M,25,12,27514
M,25,15,55902
M,35,6,95370
M,25,20,1267
M,45,14,7704
M,56,16,95407
M,25,2,55103
M,18,1,15213
F,18,4,5849574
M,18,4,78705
M,25,5,55057
M,35,12,94538
M,35,17,1890
F,25,0,37211
M,35,12,76109
F,35,16,96860
M,25,6,53217
M,45,8,21559
M,35,20,55116
M,50,18,23456
M,25,2,94131
M,25,12,94086
M,18,4,53213
F,25,9,37221
M,56,1,30030
M,35,20,55108
F,25,7,60422
M,45,15,81335
F,18,14,64060
M,35,20,48083
M,25,4,53703
M,45,1,49419
M,25,16,45242
M,25,17,92122
M,35,20,52570-9634
F,50,17,19716
F,18,4,97339
M,25,4,33314
M,50,5,95401
M,18,4,61801
F,35,2,98119
M,25,19,90214
M,25,12,92130
F,45,15,20910
M,35,0,2115
M,18,17,90064
M,25,5,32839
M,1,10,8534
M,50,14,73543
M,18,4,67042
F,25,0,48067
F,25,0,94403
M,18,1,53703
M,35,14,53092
M,25,20,92649
F,25,11,23220
M,18,2,90210
F,35,6,98032
M,25,0,76201
M,18,0,92103
F,50,1,91711
F,56,13,60076
M,25,7,10019
F,25,1,1950
M,35,12,80206
M,35,7,95476
M,50,6,53711
M,35,17,66209
F,18,20,6320
F,56,6,14612
F,25,6,32256
M,45,17,32256
F,18,4,44425
F,1,10,49507
M,25,0,43614
M,18,4,18011
M,25,7,10012
M,25,4,77025
M,35,0,20715
M,50,7,95020
M,35,20,10562
M,35,1,90024
M,50,17,32951
M,25,7,94115
F,25,7,92117
M,25,0,74105
F,18,1,94706
M,18,0,13210
M,18,4,93560
M,25,0,92612
M,25,17,60555
M,25,1,75207
F,35,12,44106
M,18,4,77005
M,50,2,97210
F,35,0,20715
F,1,10,48154
F,35,14,80525
M,35,17,28601
M,45,17,7649
M,25,17,94131
F,1,10,49512
M,56,17,33785
M,18,20,92055
M,35,12,97132
M,25,6,77584
M,45,17,85202
M,18,4,47406
F,35,0,55116
F,35,1,78155
M,25,2,23188
M,25,20,93704
M,35,20,11215
M,35,7,8505
M,35,12,85224
F,25,12,94131
M,25,4,80526
M,25,17,49445
M,35,7,20895
M,18,20,12222
M,56,13,92660
M,50,7,75023
F,25,2,92629
F,45,16,92106
F,50,13,34691
F,25,0,10021
F,25,0,28134
M,45,16,70507
M,45,1,13114
M,18,4,99163
F,25,7,12345
M,35,18,74601
M,18,2,13317
F,18,0,8540
M,25,18,98438
F,25,3,22042
M,25,17,30307
M,25,12,30303
M,18,4,61761
M,35,7,46845
M,25,20,10023
M,25,17,22042
M,25,20,2048
M,18,16,55129
M,50,2,94122
M,25,0,34952
M,35,16,29681
M,25,12,37013
M,35,7,30501
M,25,4,27510
M,25,4,27514
M,25,4,27510
M,25,4,27514
M,18,4,27514
F,25,7,14136
M,56,13,13407
F,50,0,48103
M,25,12,90717
M,35,11,96813
F,25,0,85207
M,35,12,98103
M,18,4,76401
F,18,1,4240
M,25,12,94114
F,50,6,97330
M,18,4,76401
M,18,0,73505
M,50,17,14650
F,18,4,1002
M,35,7,90808
F,56,1,44074
F,35,8,85712
M,25,4,48065
M,35,20,78664
M,35,7,17740
M,25,0,37042
M,18,0,92647
M,25,20,85207
M,25,18,80521
M,25,0,95136
M,35,7,79912
M,18,4,76013
M,18,0,53715
M,18,4,98188
M,25,11,90211
M,18,2,90211
M,1,0,75070
M,18,0,55129
F,35,9,97520
M,25,12,55106
M,25,12,98027
M,50,13,90266
M,56,11,8904
F,25,9,77449
M,35,11,94061
M,25,6,11598
M,35,12,85284
M,25,0,10580
M,45,3,55410
M,25,7,7030
M,35,16,30034
M,25,7,90078
M,25,14,4240
M,18,12,7070
M,1,19,53711
M,18,17,99205
M,35,12,55803
M,25,14,24551
M,25,5,44095
M,18,0,54758
F,1,2,60660
M,25,17,77007
M,1,10,90004
F,18,19,95019
M,18,4,98606
M,25,0,60098
M,35,18,56303
F,35,9,13066
F,25,17,97201
F,25,3,97401
M,1,10,42754
M,35,7,38024
F,35,0,94002
M,35,0,90064
M,25,12,97401
M,35,7,19518
F,56,3,89156
M,56,15,94114
M,18,7,99945
M,1,10,63041
M,18,10,2882
M,18,20,85296
M,25,17,74467
F,25,7,95128
M,25,12,45241
M,25,12,17067
M,45,17,2421
M,18,4,98499
F,50,1,75087
M,18,12,89118
M,25,6,48108
M,18,4,22903
M,1,17,56258
F,25,3,92627
M,18,19,87543
M,18,17,32694
M,25,0,60156
M,25,17,91776
M,18,4,95076
M,56,1,28223
M,25,4,53703
M,18,0,11040
M,18,19,29307
M,25,0,55987
M,18,4,77802
M,25,0,37601
M,18,1,67212
M,25,17,45694
M,35,7,27511
M,25,17,1002
F,35,14,37043
M,50,20,10543
F,35,14,19147
M,50,6,98237
F,50,7,20175
F,25,20,48464
F,25,5,98498
F,35,12,72032
F,25,20,95776
M,25,16,22801
M,18,4,67217
M,25,20,90032
M,35,12,37211
M,35,0,34990
M,18,4,89015
M,25,7,85226
M,25,17,70508
M,25,12,98006
M,50,0,94043
M,25,6,37930
M,18,4,70002
F,18,4,92612
M,25,4,37130
M,45,0,92108
M,18,4,41076
M,18,4,60107
M,35,7,60611
M,35,7,78759
M,18,2,14456
F,25,1,7666
M,25,0,92078
M,35,12,94530
M,56,1,39532
F,35,1,80210
M,45,2,55409
M,18,4,70817
M,1,19,53711
M,35,7,60657
F,45,0,20874
M,18,2,19464
M,35,7,46825
F,35,12,78640
M,56,0,94952
M,25,11,10023
M,56,7,8540
M,50,17,92661
M,25,0,98103
F,25,3,2828
F,50,14,92119
F,18,0,55102
M,25,7,49321
M,25,0,92121
F,18,0,20009
M,25,5,80209
F,25,7,80228
M,25,15,94121
M,25,3,75006
M,35,0,60640
M,18,4,75287
M,25,5,92105
M,25,17,55447
F,25,16,44092
F,18,2,72701
F,45,6,2453
M,35,17,11701
M,35,14,10013
M,25,12,10128
M,18,0,78237
M,25,7,37027
M,35,7,10019
M,25,7,62522
F,25,0,97205
M,35,1,91711
M,1,10,8820
M,45,12,95814
M,50,17,01702-7224
M,18,20,92026
F,25,1,2144
M,1,10,76013
M,50,1,20815
M,56,6,19027
M,45,15,26105
M,1,10,94707
M,25,4,43202
M,25,0,90631
M,18,2,1720
M,45,16,92018
M,35,17,94114
M,18,14,76401
M,18,2,1720
F,35,14,92673
M,1,10,49454
M,35,0,48105
F,56,0,14830
F,56,16,55345
F,1,10,8820
M,45,20,10024
M,18,4,92153
M,25,1,80202
M,35,0,76031
F,50,6,85016
M,18,4,31602
M,50,1,34683
M,18,15,94015
M,25,6,92130
M,25,7,77005
F,25,1,30605
F,56,13,90066
F,56,0,92027
M,56,0,45432
M,56,13,75165
M,35,20,92308
F,45,12,28655
M,1,10,71106
F,45,6,92117
F,50,1,92103
M,45,7,92831
F,50,0,98226
M,50,0,98226
F,35,2,91324
M,25,0,20744-6223
F,35,9,30338
M,25,7,72762
F,25,1,92084
M,50,6,92117
F,45,1,91901
F,35,1,92056
M,18,4,92173
M,25,17,92084
M,56,16,48009
M,25,7,37212
M,50,17,98642
F,35,3,48073
M,1,10,7869
F,25,20,91105
F,56,16,98199
M,25,15,53706
M,25,5,98380
F,56,1,6032
F,35,6,97838
M,45,1,49419
F,35,7,97401
M,35,14,60538
M,18,4,34567
M,25,15,60513
F,25,1,1060
F,25,20,20110-5616
M,1,10,76240
M,18,20,45387
F,50,6,85716
F,45,12,8033
M,35,0,91505
M,45,7,49345
M,35,7,48103-8929
M,18,0,21015
M,56,12,43056
M,50,17,96753
M,35,7,21044
M,45,2,10009
M,56,16,97478
M,50,20,97030
F,25,0,21030
F,50,7,94941
M,35,1,55104
M,35,1,29706
M,35,2,48116
M,50,11,44622
M,1,10,45244
M,18,10,10016
F,25,1,80020
M,25,0,48197
M,25,7,94123
M,56,7,10954
M,56,2,92262
F,18,0,43615
M,50,12,94530
F,25,11,19103
M,25,0,27615
M,25,12,43615
M,45,1,2138
F,25,1,80026
M,35,19,94930
M,35,0,98136
M,35,14,89113
M,25,2,80110
M,18,0,19116
M,1,10,48073
M,25,6,92014
M,25,20,2141
F,25,9,92064
F,25,16,99224
M,50,16,92129
M,25,4,32608
F,56,0,19004
F,35,17,48098
M,50,11,48823
M,50,0,20706
M,18,6,10004
F,25,9,48103
F,35,3,2780
M,25,0,45678
M,18,2,92109
F,18,4,96803
M,25,17,98102
M,1,19,15748
M,45,20,10019
M,25,15,62558
F,25,6,90027
M,25,4,90210
M,50,11,7043
M,25,2,19320
M,25,3,95136
M,35,11,8003
M,18,4,53220
M,50,12,1960
M,35,3,77064
M,50,7,48315
M,25,0,10310
M,25,8,92115
F,35,1,30004
M,56,13,2576
F,45,17,3054
M,35,3,11220
M,56,16,60044
M,35,0,30906
M,18,4,95616
M,35,1,60640
M,18,20,93455
M,35,0,94559
M,25,3,918
M,56,13,92675
F,35,1,74135
M,25,16,34677
F,45,0,19130
M,18,4,77005
F,45,7,3848
M,25,0,20015
M,25,7,97303
M,35,16,19803
M,50,16,19425
M,25,5,60076
F,35,1,82601
M,18,2,15956
M,35,7,28036
M,45,7,2081
F,56,15,20194
F,35,1,2346
M,25,11,76309
M,45,2,94306
M,35,5,92801
F,50,11,87004
M,25,20,72701
F,1,10,77477
M,56,18,53404-1230
M,18,0,62225
M,35,6,75225
M,45,14,95002
M,25,1,97302
F,25,0,60513
F,35,2,75214
M,35,0,18360
M,1,10,75040
M,35,0,91505
M,1,0,48133
M,45,17,73069
M,25,1,97321
F,25,0,97213
M,18,10,11235
M,45,0,46060
M,50,19,59457
M,35,7,50265
M,25,7,91344
F,25,0,94402
M,45,12,2151
M,35,12,94402
F,18,4,77581
M,25,20,98105
F,45,2,20036
M,50,16,13045
F,35,7,7601
F,25,6,72211
M,45,17,48073
F,25,6,60660
F,25,3,27606
M,25,3,60660
F,45,9,95661
M,25,7,98115
M,56,7,8854
M,18,4,68144-2410
M,45,7,48170
M,56,0,27705
M,1,19,3226
M,25,7,34695
M,18,4,98225
M,25,16,8826
F,1,10,98103
M,35,6,37853
M,25,7,94105
M,18,5,345567
F,18,4,49525
M,50,14,60504
F,18,0,92626
F,56,6,8753
M,1,10,80439
M,18,17,92109
M,35,7,94945
M,25,17,77059
M,25,0,60090
M,35,1,6417
M,18,1,55408
F,45,7,60605
M,35,11,10023
M,35,6,48105
M,18,4,90241
F,50,1,2324
M,56,1,93003
M,18,10,45904
F,56,6,77005
F,50,16,44319
M,18,6,19104
M,18,4,97215
F,18,9,75801
F,25,1,60551
M,25,15,92121
M,18,14,10017
M,50,13,2718
M,35,1,90504
M,18,4,95616
M,56,7,78701
M,56,14,2632
M,50,0,91789
M,25,2,60156
F,18,4,53715
M,56,16,13031
M,25,0,11788
M,25,1,72701
M,35,17,22309
M,18,7,60012
M,56,13,12570
M,18,12,98225
M,18,2,90038
M,18,20,19114
M,50,13,98201
F,35,7,90274
M,18,4,13165
M,18,12,12047
M,25,1,93420-2852
F,45,2,73069
F,25,3,84770
M,18,1,43623
M,50,7,94024
M,25,7,94025
M,50,3,92103
F,18,16,80260
M,25,20,98101
M,35,17,92618
M,25,12,98103
F,25,20,75226
M,25,15,46805
M,18,4,30328
M,18,10,33024
F,1,10,53545
M,25,12,90278
F,50,2,33334
M,45,7,30253
F,35,1,98026
M,18,0,48314
M,18,14,7017
M,25,0,10025
F,35,0,97213
M,1,10,70448
F,25,19,90020
M,25,12,45014
M,56,6,94030
F,50,1,55126
F,25,0,94109
M,25,20,94402
M,56,3,10023
M,45,12,94114
F,25,0,61801
F,25,7,10019
F,18,16,91780
F,25,2,90020
M,56,1,44256
F,25,17,1453
M,56,0,48186
M,50,1,91030
F,50,20,95503
M,35,7,20716
M,1,10,91326
M,35,19,94598
F,25,4,92354
F,35,1,97374
M,18,19,98502
F,1,0,90210
M,45,7,72212
M,25,0,85712
M,45,0,98031
F,35,0,98117
M,50,16,98103
M,25,12,90712
F,25,1,95617
F,1,10,13907
F,18,14,22203
M,35,1,44077
M,1,10,49544
M,50,13,77459
M,1,0,97222
M,18,4,84112-2004
M,35,12,97006
F,25,1,6417
M,25,7,95076
F,56,0,46814
F,50,7,33764
M,50,0,43617
M,25,0,12590
M,35,7,94127
M,25,17,27519
M,18,4,10027
F,50,1,60089
M,50,0,91505
M,56,13,94558
M,35,17,23602
M,25,2,90292
M,25,12,94118
M,56,15,13207
M,25,7,12206
M,1,10,48073
M,18,0,19134
M,35,0,52162
M,25,2,60102
M,50,13,2125
M,45,7,61081
M,18,20,7087
M,50,1,90027
M,25,1,94720
F,25,4,48219
M,25,11,95125
M,25,12,60515
F,18,4,43235
F,45,20,94519
M,18,4,91006
F,25,7,94043
F,25,1,48316
M,18,4,32720
F,35,20,11215
F,25,20,50111
F,18,14,2144
M,1,10,11803
F,35,0,10014
M,35,15,92627
M,25,4,22030
M,25,17,80461
M,18,4,98225
M,35,0,92649
F,35,20,94598
M,35,2,94587
M,50,0,10573
M,25,7,48188
M,56,13,94134
F,35,20,76205
F,18,1,2144
M,25,17,94110
M,25,20,10002
F,18,14,84101
M,45,7,20879
M,35,7,2020010
M,25,17,28262
M,18,4,40205
M,25,4,22903
M,1,10,81301
M,25,1,53711
F,18,20,49321
M,25,4,18104
M,25,15,12203
M,50,2,10028
F,56,13,1234
M,25,6,12230
F,45,6,54401
M,18,20,49506
M,35,2,19123
M,45,7,37343
M,50,17,39567
M,35,17,94041
F,18,0,6360
M,18,4,98312
M,35,1,98502
M,1,10,97801
M,25,19,97209
M,50,1,98541
F,18,1,94607
M,45,16,33334
M,35,4,98125
M,35,17,92630
F,50,7,94611
F,35,19,92867
M,45,6,78750
M,35,0,91504
F,35,0,10011
M,25,7,94904
M,25,5,60074
F,50,20,11217
F,35,6,90036
M,1,0,75244
M,25,7,92109
M,35,6,33615
M,25,14,2038
M,1,10,97201
F,25,2,10475
M,18,4,85282
M,25,19,94111
M,25,14,97203
M,45,20,94121
M,25,3,64068
M,56,13,75703
M,1,10,75082
M,25,14,76051
M,45,0,92866
M,18,10,90274
M,25,14,60153
M,18,4,43214
F,18,4,68154
M,35,7,75214
M,50,2,50310
M,45,7,98028
M,18,16,94014
F,25,3,98626
M,25,4,22030
F,25,14,34639
M,56,0,94043
F,35,2,11218
M,35,16,7030
M,25,1,75230
F,25,0,98115
M,1,10,12159
M,35,14,60657
M,18,14,60194
M,56,1,95117
M,45,0,12065
M,25,7,2840
M,25,17,6460
M,50,7,10805
M,35,0,14228
F,50,20,95051
M,56,17,97146
M,25,0,94108
M,35,18,85275
M,25,7,14302
M,18,7,11434
M,35,0,94560
M,35,14,91324
F,25,9,43420
F,25,2,75070
M,35,20,27607
F,18,1,11375
F,1,10,4240
M,50,7,13088
F,35,0,90278
F,25,17,98034
M,35,20,94122
M,1,10,95926
F,25,2,94040
F,45,20,4240
F,18,4,91706
M,45,0,34116
M,35,17,49508
M,35,1,10918
M,25,20,14895
F,25,0,97401
M,35,12,75069
M,50,7,1915
F,45,2,97214
F,1,10,61665
M,1,10,89509
M,25,12,53707
F,25,3,50266
M,25,5,12308
M,35,2,92821
F,50,2,60657
M,1,10,95123
F,25,1,55104
M,50,1,91403
F,45,5,95136
F,45,1,32750
M,35,16,65270
F,45,7,21044
F,56,13,93448
M,1,10,58078
M,18,11,89170
F,45,1,92100
F,25,7,19806
M,18,10,98058
F,25,5,90262
F,25,0,7026
F,50,13,94702
M,56,20,87107
M,25,17,19801
M,35,16,99352
M,35,15,20723
M,45,3,90006
M,18,4,6430
F,25,3,94117
M,25,2,7026
F,25,12,94530
M,35,7,55901
F,56,16,94904
M,18,17,10804
M,25,7,92130
F,18,1,94578
M,18,4,90601
F,25,0,53713
M,50,16,91360
M,56,13,33445
M,25,4,91911
F,35,15,53704
M,25,0,90046
M,18,4,97215
M,50,7,94404
M,35,1,8107
M,25,17,94089
M,18,3,98122
M,18,4,85035
M,45,14,22901
M,25,14,98101
M,35,16,10472
M,18,4,48197
F,25,1,95336
M,18,4,1375
F,1,10,53704
M,35,17,55934
M,25,4,8540
M,35,0,28209
M,1,10,8872
M,18,14,94070
M,25,12,21401
F,45,11,40204
F,35,3,11229
M,18,4,97215
M,56,6,91011
M,35,1,94549
F,18,14,49505
F,1,10,495321
M,25,14,48103
F,50,6,97005
M,50,3,89102
M,18,2,21222
M,35,3,98037
M,35,12,94520
M,35,16,54729
M,18,2,12345
M,35,2,98055
F,25,4,91106
M,25,2,98109
M,35,12,10128
M,18,4,80521
F,25,3,17522
M,35,20,17112
M,18,4,94704
M,35,20,90012
F,56,13,90732
M,25,14,19444
M,18,4,93117
F,45,0,92126
M,25,2,98074
M,25,1,95472
M,1,0,8055
F,25,0,80027
F,18,4,95132
F,45,0,94115
M,35,16,95405
M,50,16,92612-3417
M,35,12,75063
M,50,16,93003
M,18,4,29201
M,25,5,97007
M,1,14,19147
M,56,20,95420
M,18,4,94118
M,25,17,11106
M,25,7,90248
M,25,14,6511
M,25,4,98115
F,25,2,75075
F,18,0,91030
F,45,1,90601
M,1,10,92620
F,50,2,94501
M,25,20,91367
M,35,17,77096
M,25,7,94132
M,18,4,54481
M,25,12,7054
F,25,9,80538
M,25,16,90638
M,35,7,7644
M,25,7,94538
F,35,2,60201
M,50,7,90505
M,18,4,6511
M,25,12,98102
F,25,14,60657
M,25,17,38104
M,18,0,77341
M,25,17,94108
M,50,5,80220
M,18,4,2139
M,1,10,19343
M,25,17,98115
M,25,11,75801
M,18,4,12188
M,25,12,92688
M,18,19,22030
M,50,11,90041
M,25,7,8550
M,35,17,95476
F,1,10,94539
M,1,0,11803
F,25,1,48067
M,35,12,8902
M,25,20,11102
F,35,16,95003
M,18,4,97215
M,25,16,48324
F,25,12,53154
M,18,0,10002
M,25,2,95831
M,18,4,38120
M,25,17,94506
F,25,7,8902
M,35,20,10025
M,25,17,95209
M,18,4,6459
F,25,16,94706
M,56,17,80538
M,18,10,78230
M,25,15,94903
M,18,4,97266
M,25,4,53711
M,45,17,60462
M,18,14,43613
M,45,1,71711
M,50,12,12184
F,18,20,90036
F,35,3,83001
M,18,20,2446
M,25,3,22601
M,25,3,2359
M,45,0,97214
M,56,17,23464-3016
M,18,17,12054
M,25,11,10549
M,25,12,63146
M,25,20,20009
M,25,4,22903
M,56,13,2115
M,35,1,53703
M,35,6,20901
M,18,4,11580
M,25,11,20008
M,45,20,10021
F,25,15,64116
F,35,12,17013
F,18,0,20008
M,18,4,48073
F,18,4,10039
M,18,6,60611
M,35,8,10014
F,25,3,85226
F,18,4,11214
M,18,20,43611
F,1,10,87123
M,50,1,1096
M,45,17,78731
M,35,16,77550
M,25,12,6511
F,1,10,94086
F,56,13,7701
M,18,17,75093
M,25,20,98033
F,25,3,2155
M,1,0,77479
M,25,6,81007
F,50,7,94949
F,45,9,85202
M,56,0,72227-5733
M,18,4,22201
M,25,0,60201
F,18,4,76201
F,18,4,10003
M,18,0,10705
M,35,6,94115
M,25,19,45701
M,56,20,92315
M,45,7,77351
F,25,3,30308
M,25,11,22043
M,25,0,95136
M,35,1,95003
M,50,7,26501
M,35,7,50111
M,25,16,78411
F,35,20,10013
M,35,1,92683-1892
F,18,5,48108
M,25,12,10002
M,35,13,76548
M,25,0,92646
M,35,7,8234
M,25,12,83001
F,25,7,10562
F,25,0,13326
M,25,11,50111
F,18,0,28270
F,35,3,55405
M,45,1,2135
M,25,11,75230
F,35,9,6830
M,25,11,55555
M,25,0,3867
M,25,17,11354
M,18,20,61801
M,35,0,90027
F,45,7,10022
M,25,0,16101
M,25,12,44060
M,50,0,44139
M,50,3,48843
M,25,20,48009
M,25,4,11423
M,18,4,53715
M,50,15,7746
M,25,0,6810
M,45,0,4330
M,18,4,10010
M,18,17,91505
M,18,20,90028
M,18,4,10003
M,45,17,91355
F,50,0,94514
M,25,16,94120
F,45,7,99701
F,56,0,38340
M,25,0,97212
F,25,19,60612
M,56,0,90049
F,18,17,95405
M,25,17,95405
M,35,17,95610
M,25,0,95819
M,50,13,62002
M,45,2,90813
M,18,12,90210
F,18,9,62225
M,25,20,90046
M,18,18,98118
M,50,14,85202
M,18,19,98034
M,25,19,94607
M,25,12,94520
M,25,16,98208
M,18,0,94044
F,45,0,94114
M,18,4,94507
M,25,17,94122
F,45,0,10022
F,35,6,94214
F,18,9,99703
F,25,2,94577
M,35,7,80526
M,25,12,94121
M,18,4,77845
F,18,4,76707
M,45,17,87505
M,25,14,15241
M,50,16,98516
M,35,2,95602
F,25,17,75006
F,56,13,95320
M,35,0,98368
M,25,17,93933
M,1,10,98043-3621
M,35,2,95816
F,25,6,97116
M,18,4,91301
M,18,14,97123
F,18,17,97070
M,25,12,98052
M,25,20,95380
M,18,4,78705
M,25,2,98102
F,25,7,98109
M,18,3,85226
M,35,12,95833
M,35,12,94062
M,25,3,85013
F,18,4,34243
M,35,5,98465
M,35,16,98029
F,25,17,85301
M,35,20,97333
M,25,12,98684
M,25,12,98116
M,25,1,97206
M,35,7,95765
F,18,4,98052
M,35,2,97214
F,25,19,98102
M,25,20,98119
F,25,4,97233
M,18,10,97303
M,18,15,77047
M,25,4,98926
F,18,4,85033
M,25,20,19134
M,50,1,95070
M,25,0,64106
M,25,0,73147
M,18,0,94530
F,18,4,30134
M,25,0,73003
M,25,0,47421
M,25,17,43212
M,25,16,53406
M,25,0,43229
F,50,6,30307
M,18,4,43235
M,18,16,60523
M,18,4,94720
M,18,19,70043
M,35,0,72058
M,35,17,60103
M,18,4,961
M,18,19,67218
M,25,2,60160
M,35,16,50317
M,18,4,11710-1641
M,25,7,53715
F,18,4,60137
F,18,0,91601
M,18,4,13655
M,18,14,43725
M,45,17,94602
M,18,20,30605
M,56,8,606
M,35,20,46614
M,35,16,30034
M,56,16,77079
M,56,1,96153
M,35,7,91107
M,25,15,8109
M,35,17,77566
M,35,12,50325
M,45,0,94114
M,25,4,33157
M,25,0,90638
M,50,1,4240
M,25,2,10040
M,50,5,10128
M,35,20,77024
M,25,3,96813
M,35,6,90803
M,18,19,27028
F,18,4,77005
F,25,1,75149
M,25,4,75206
F,25,0,33067-1400
M,25,16,22112
F,25,3,90016
M,35,0,72058
M,25,14,75230
M,35,7,76248
M,18,0,75149
M,18,4,13655
F,45,0,94566
M,25,20,75205
M,45,16,75067
M,25,17,75240
M,35,16,79605
M,25,17,75044
M,56,2,90680
M,18,4,7030
M,25,17,99003
M,25,4,70115
M,25,0,45801
M,25,20,17022
M,18,4,94704
M,18,1,78133
M,35,1,22181
F,35,0,8009
M,45,0,23454
M,18,4,10027
M,18,20,18104
M,18,4,4901
M,45,1,85721
M,18,8,90210
M,45,2,19104
M,1,10,19116
M,25,0,19152
M,18,4,19146
F,25,2,53523
M,25,4,20008
M,25,11,20878
M,18,17,20724
M,50,11,20852
M,35,7,52003
M,45,11,22204
M,35,11,70118
M,18,4,70118
F,25,6,54729
M,18,4,22903
M,25,2,50021
M,25,7,22314
M,18,4,22401
M,18,4,22032
M,18,17,20742
F,18,4,22031
F,25,14,12189
M,50,13,90210
M,56,2,8825
F,25,12,48103
F,35,6,90035
M,50,7,10014
M,1,1,30707
F,35,9,56007
M,35,1,53706
M,1,8,2254
F,35,12,45249
M,25,20,50265
M,25,20,43315
F,25,0,53713
F,35,1,92801
F,18,4,43560
M,25,7,50310
M,45,11,49265
F,25,1,7721
M,18,4,7030
M,25,16,7302
M,18,4,12180
M,18,4,53190
F,18,4,14433
M,18,17,7030
M,35,5,10990
M,25,19,11501
M,25,0,10016
M,25,2,8817
M,35,7,10011
M,18,4,7940
M,25,12,11217
M,18,0,95037
M,18,4,53190
M,25,12,10014
F,18,4,53711
M,25,2,10002
M,45,12,95051
M,18,4,60047
M,35,5,10011
M,35,7,11747
M,18,5,12582
M,25,19,59602
M,25,12,10036
M,50,0,90803
M,25,0,92346
M,18,4,93004
M,56,7,92065
M,1,10,92106
F,18,4,59715
F,25,4,66049
M,56,16,94591
M,50,16,92129
M,50,14,95129
M,18,4,90048
M,35,7,94306
F,18,1,94606
M,25,7,94043
M,50,7,95008
M,50,11,92346
M,45,14,95148
M,56,13,85248
F,45,1,46774
M,50,20,92106
M,35,7,2127
M,45,7,95076
M,35,12,94107
M,25,12,92024
F,45,20,90069
M,1,10,92846
M,25,4,29732
M,35,0,91006
M,35,2,95008
M,35,16,92352
F,50,0,94521
M,45,20,93108
M,50,17,94611
M,25,12,94086
M,56,15,92119
M,35,12,95124
M,18,14,80023
M,50,6,94702
M,45,1,91335
M,25,20,90066
F,35,0,90024
F,35,7,94602
M,35,14,89119
M,56,13,92115
F,50,2,94530
M,25,12,91101
F,45,6,2135
M,56,12,94109
M,50,7,94024
M,25,19,93536
M,35,0,90401
M,18,1,30115
F,35,20,94118
F,25,5,91311
M,35,17,94804
M,56,13,95129
M,18,4,89146
M,1,10,94707
F,18,4,92805
M,25,4,91325
M,25,17,95126
F,35,14,95051
M,50,13,1938
M,45,7,90405
M,18,10,92704
F,45,6,95209
M,1,0,94525
F,35,7,80122
M,56,12,92780
F,25,7,94303
M,35,7,90026
F,56,6,90630
M,50,7,92886
F,1,0,95404
M,35,7,94806
M,1,10,94501
F,1,10,91107
M,25,15,94550
M,25,2,94114
M,25,7,94114
M,18,19,94703
M,25,17,95014
M,1,10,90405
M,35,0,90026
M,25,11,92335
F,25,2,91351
F,35,2,94930
M,25,12,95158
M,35,17,94550
M,35,5,4901
M,18,4,91501
F,18,4,93107
M,25,20,92866
M,25,14,94110
M,25,7,94041
M,1,10,93111
M,18,17,92595
M,25,12,49024
F,18,4,90630
M,35,1,91030
F,25,2,94566
M,25,16,91402
M,1,19,3109
M,35,0,44280
F,18,4,23185
F,25,1,17055
F,50,13,53092
M,45,7,55555
F,50,3,91911
F,18,1,60914
F,50,9,91941
F,25,6,89523
M,56,17,48304
M,25,20,93637
M,50,7,92116
M,25,11,85258
F,25,3,92116
M,50,13,89052
F,25,14,80230
M,45,17,92111
M,25,1,22903
M,35,17,12159
M,18,4,97361
M,35,5,58703
M,56,6,2726
M,1,10,43357
M,56,17,49506
M,35,7,6460
M,56,1,80303
M,1,10,80540
M,25,14,92109
M,18,10,92130
M,45,12,92122
M,50,13,91977
M,25,17,62629
F,25,1,85224
M,50,6,2090
M,25,7,85257
M,25,20,48309
M,18,4,85259
M,35,17,99508
M,35,2,89012
M,25,1,85364
M,35,0,85621
M,25,0,84108
F,50,9,24018
F,35,3,2113
M,18,4,44685
M,50,1,48197
F,56,13,02136-1522
M,1,10,80014
M,45,19,53572
M,18,4,58601
M,35,0,66048
M,50,16,80442
M,25,3,48220
F,35,7,60625
M,18,4,81520
F,35,3,1545
M,25,4,49456
M,45,0,60543
M,18,4,53233
M,18,4,1003
F,56,2,20783
M,25,17,35808
M,35,16,46214
M,50,1,27705
M,25,7,45011
M,25,0,61364
M,25,7,60137
M,18,4,56001
M,1,19,6614
M,56,13,3440
M,50,16,49277
F,25,9,48021
M,45,6,44131
F,25,12,10011
M,25,4,77345
M,35,20,60640
M,50,14,44614
F,45,20,91436
F,45,2,1851
F,18,0,45212
F,25,14,90046
M,56,14,2468
F,45,1,33301
M,50,16,60060
F,25,7,2494
F,25,20,24015
M,1,10,79358
M,25,14,37931
F,45,0,49408
F,1,0,24179
M,35,1,91711
M,1,10,6437
M,50,6,49456
F,50,0,13210
F,35,3,99504
M,35,7,93906
M,1,10,46033
M,45,11,6416
M,25,12,3110
M,50,11,49008
M,25,4,56301
M,35,1,49417
F,56,1,6437
M,35,0,44130
M,1,1,48304
M,56,1,44107
M,18,4,44646
M,25,4,43138
M,35,1,1020
M,25,6,46807
F,25,6,53202
M,50,16,6430
F,35,12,43528
M,56,15,79068
F,35,6,13210
M,45,7,1605
F,50,12,21133
F,18,4,13148
M,18,4,48197
F,25,4,13210
M,18,4,13165
M,18,0,55112
M,18,4,13323
M,1,10,45241
M,25,11,37931
M,18,17,49445
M,1,19,48323
M,18,4,64920
M,18,4,23186
M,18,0,6360
M,35,14,48328
M,25,0,37923-3112
M,50,7,60618
M,35,17,17601
M,35,17,48313
F,35,20,48044
M,56,1,49006
M,18,0,48322
M,35,2,60061
M,56,13,58504
F,25,17,33990
M,18,5,48504
M,35,20,48067
F,18,0,48823
F,25,0,24017
M,25,16,48309
M,25,11,48825
M,35,12,3062
M,45,15,60035
M,25,1,24060
F,18,20,495321
M,25,1,24060
M,1,10,60462
M,25,16,13090
M,50,11,46802
M,56,13,32806
F,45,12,23116
M,25,6,4456
M,18,18,21740
M,35,17,1519
M,18,4,49546
M,56,13,49307
M,25,14,2148
M,35,4,10036
M,1,0,2780
M,56,13,2356
M,35,12,61614
F,35,0,13064
M,25,0,12306
M,35,3,46033
M,56,14,2632
M,18,4,12309
F,45,1,46737
M,25,5,4103
M,45,0,3060
M,25,0,1701
M,56,14,2632
F,1,10,1607
M,18,10,2780
M,50,1,1778
M,35,18,13027
F,1,10,681
F,18,4,88119
F,50,3,33615
M,45,14,46804
F,50,16,48706
F,45,14,46804
M,18,4,32607
M,18,0,46517
M,18,10,32750
M,18,2,96002
F,18,0,60641
F,18,0,81301
M,25,0,60089
F,18,4,22904
M,56,13,33316
M,18,4,22807
M,18,16,97405
M,25,12,68508
F,1,10,50246
M,18,19,55912
F,18,3,45244
M,25,12,60618
F,50,14,60618
F,18,19,46556
F,35,2,95521
F,1,10,35810
M,18,0,87122
M,35,0,95826
M,25,7,32836
M,1,10,99203
F,25,6,95833
M,1,10,60202
M,1,0,95451
F,50,16,99114
M,35,0,48103
M,18,20,60641
M,50,13,87502
M,50,12,87505
M,25,4,99217
M,1,19,73505
F,35,20,95451
M,45,14,85251
F,25,0,28304
M,25,12,27713-9225
M,25,0,45245
F,25,4,60443
F,56,1,11795
M,18,4,45403
M,45,17,27502
M,18,5,41018
M,45,16,60126
F,18,19,60641
M,1,10,60148
F,25,15,27603
M,18,4,45231
F,25,0,27713
M,1,10,41011
M,25,17,45233
M,1,10,60148
M,25,12,45140
F,25,1,27515
F,35,9,46815
M,1,10,60613
M,35,1,60016
M,56,20,46804
F,1,10,11743
M,45,12,53718
M,56,3,94941
F,25,7,10016
M,45,7,11201
M,18,4,7508
M,25,0,10006
M,35,7,10011
M,45,17,88005-4313
M,45,6,1950
M,18,4,80521
F,25,0,60622
F,25,1,46807
F,25,0,93940
F,25,20,60612
M,1,10,44906
M,35,17,64153
M,25,6,60060
F,50,3,95451-9554
M,56,17,94931
F,45,1,13088
M,25,2,60123
M,25,12,60025
M,25,5,96815
F,25,7,27514
M,50,14,60016
M,25,12,60025
M,45,0,61821
F,45,1,60302
M,50,11,85726
M,25,14,60061
F,35,3,60187
M,56,1,85718
M,1,10,46324
M,1,10,96782
F,35,6,14905
F,25,4,32607
M,18,10,60148
M,45,12,64117
M,45,5,60647
M,18,4,60115
M,45,2,86701
M,1,10,60565
M,1,10,60007
M,25,0,60622
M,45,2,60613
F,35,12,46755
M,25,5,60466
M,18,19,60010
M,35,14,60626
F,18,1,1562
F,50,0,46815
M,35,5,33317
F,35,6,44303
F,45,15,59840
F,18,4,59715
F,18,4,10033
F,56,16,70503
F,25,20,46835
M,25,5,33025
M,45,17,48116
M,25,6,70508
F,45,7,37877
M,56,13,60506
F,50,2,48118
F,56,13,37774
F,35,1,46774
F,45,0,11217
M,18,1,14620
M,50,14,13210
M,25,0,71731
M,25,6,23235
M,18,2,31401
M,56,7,39211
M,56,13,44143
F,45,9,13035
M,50,17,1536
M,50,7,8816
M,56,6,74105
M,45,11,48104
M,50,2,32117
M,35,18,44708
M,25,20,90024
F,1,10,13090
M,35,17,82604
M,56,0,6082
M,1,10,13066
F,50,1,52002
M,25,0,61021
M,45,1,13214
M,50,15,13039
F,56,3,48130
M,56,13,48108
M,45,11,72316
F,25,6,22923
M,56,13,52003
M,35,17,77584
F,18,10,13090
M,56,13,49423
F,25,12,2478
M,50,12,48104
M,50,17,8055
M,45,12,94103
M,50,20,48104
F,18,4,2138
M,25,17,2140
F,45,16,48103
F,45,0,8901
M,45,12,48130
F,25,4,22902
M,45,0,13131
F,50,6,48103-4711
F,25,1,13210
M,56,7,48114
M,35,0,13207
F,45,9,57108
M,56,7,48114
M,35,7,48104
F,50,1,6043
M,25,7,30115
F,56,13,48105
M,35,3,13088
M,35,17,50321
F,18,4,27708
M,18,4,1040
M,18,10,48169
M,56,7,13212
F,56,15,97367
M,45,7,48103
M,56,1,48104
M,56,14,1545
M,50,6,13035
F,56,7,1562
M,50,17,48197
M,35,18,13146
M,35,17,49424
M,45,17,13152
F,56,3,52003
M,35,2,48104
M,56,1,13210
M,35,3,48107
F,45,1,1604
M,25,12,2139
M,35,16,98031
F,1,10,48105
M,35,1,48116
M,50,12,6082
M,25,8,50309
M,18,4,44312
F,25,0,11106
M,50,13,41076
F,35,9,61270
M,35,11,94306
F,45,9,13203
F,50,16,13207
F,35,14,13316
F,56,6,6074
M,56,13,13685
M,50,6,13210
M,56,7,49423
M,25,14,94110
M,50,14,95823
F,56,9,13078
M,50,7,13203
F,45,16,1532
F,25,9,49424
F,56,13,13057
M,35,14,6040
M,50,1,13215
F,35,7,6082
F,45,7,1602
M,45,7,94109
M,25,14,94404
F,50,7,13027
M,25,1,13210
M,35,0,6108
M,25,3,75150
M,18,18,13045
M,25,4,22903
F,35,9,13066
M,50,13,59715
F,25,14,95125
M,35,17,62034
F,45,2,1545
F,25,0,6040
M,25,17,32224
M,56,5,6082
M,25,16,37922
F,25,6,33076
M,50,18,13126
F,56,3,6040
M,56,13,13123
M,35,6,37923
M,35,7,8021
F,18,0,22102
F,35,11,43201
M,25,0,98122
M,35,17,11355
F,25,16,95687
M,25,4,22901
M,45,17,32024
M,18,4,37743
M,18,7,64055
M,50,8,78065
F,56,12,1520
M,35,16,11358
F,45,1,1609
F,35,9,6074
M,56,7,6071
F,35,14,1536
M,56,13,1501
F,56,7,6118
M,25,1,49503
M,25,7,22407
M,45,7,1531
M,45,1,53045
F,1,10,6074
M,25,0,6096
M,50,7,37938
M,35,7,44306
F,50,9,2865
F,45,9,1520
M,25,17,95035
F,35,14,45243
M,56,0,1606
F,25,14,94010
M,45,17,45255
M,25,2,22903
M,25,4,22902
F,25,4,22903
M,25,4,22903
M,25,4,22903
M,25,4,22901
M,25,4,22903
M,25,7,22902
M,25,4,22923
M,35,1,22903
M,45,17,48105
M,50,17,1430
F,45,6,42406
M,35,17,36830
F,35,0,49464
F,45,4,42420
M,25,0,48104
M,18,7,10038
M,25,14,3051
M,35,6,37932
M,56,13,37922
M,45,16,1612
M,45,12,37853
M,45,7,1545
M,25,7,55429
M,18,0,97005
M,35,7,48197
M,25,5,48103
M,25,0,60656
M,25,7,85040
M,50,7,44313
F,50,1,36067
M,18,4,98117
M,35,1,44303
M,25,7,33916
F,18,4,44106
M,50,6,44333
M,25,15,94303
M,1,10,44224
M,50,1,44240
M,25,4,90048
M,35,18,52001
M,50,13,98683
M,25,18,37922
M,25,12,98105
M,25,12,83815
F,25,18,98115
M,50,12,78703
M,45,0,42420
M,50,1,37922
F,25,1,23454
F,18,20,94410
M,35,14,3054
F,50,3,37772
M,56,13,90503
M,45,5,31901
M,35,14,95746
M,18,12,98105
M,45,7,55438
F,45,2,31804
F,35,9,37843
M,25,12,94703
M,35,7,22904
F,45,2,37924
M,45,2,90631
M,18,4,52003
F,18,4,56401
M,50,1,37932
F,50,14,37922
M,56,18,70817
M,50,0,36109
M,56,1,29672
M,25,15,37923
M,56,13,49423
M,35,17,19360
M,25,7,98115
M,25,7,55405
F,25,14,98225
M,25,4,94107
F,35,3,77429
M,25,5,36109
M,25,7,37930
M,25,7,15209
F,45,14,36109
M,56,1,37922
M,56,14,37922
M,45,12,37914
F,45,6,37909
F,35,9,53806
M,25,7,11793
F,45,2,14850
F,56,2,95448
M,35,17,49424
M,18,11,60614
M,25,17,49423
F,56,9,38558
F,35,1,37922
M,56,13,37923
M,35,15,36109
M,56,0,37922
F,35,9,95903
M,18,0,42420
F,45,7,52003
F,56,13,37917
F,25,3,49423
F,50,6,37922
F,56,2,3431
M,56,13,37830
M,35,11,37620
M,56,13,37923
M,35,7,32444
F,45,6,42420
F,35,5,49424
F,45,13,37922
F,35,0,42420
M,45,1,52001
M,56,13,37830
F,56,13,37931
F,35,0,37920
F,35,6,37919
M,56,13,37938
M,50,7,37931
M,25,12,98133
F,25,9,29369
M,25,7,29369
M,25,1,97405
M,56,7,10522
M,25,4,2430
F,18,19,2452
M,56,17,53061
M,18,10,53207
F,45,6,84318
M,25,15,6460
M,18,0,98021
M,45,13,53132
F,35,20,43230
M,35,5,34786
M,35,17,94022
M,25,0,6451
M,25,17,31311
M,45,0,45248
F,56,14,95005
M,35,17,20151
M,35,14,75005
M,45,16,94536
M,50,6,6511
M,35,7,76248
M,18,17,97030
M,25,7,77099
M,50,7,94107
M,35,15,91411
F,45,1,12538
M,25,11,60611
F,25,1,97201
M,35,7,19610
F,56,1,94563
M,45,15,64081-8102
M,25,20,46802
M,35,7,55124
F,56,13,78737
M,25,0,19004
M,18,4,94044
M,18,1,50310
M,50,7,80004-4448
M,56,16,95816
M,35,7,31047
M,18,4,15213
M,50,7,48152
F,50,0,95616
M,25,17,20866
M,25,12,53154
M,25,14,19312
M,35,16,27613
M,45,12,92104
M,25,17,19126
M,25,0,45459
M,35,7,75013
M,50,7,34285
F,56,0,48178
F,25,1,10025
F,50,12,55391
M,45,7,48322
M,25,3,7719
F,45,3,94560
M,35,1,92120
M,25,7,15205
M,25,7,21029
M,35,7,2657
F,45,15,60081
F,18,4,53538
M,35,12,95677
M,18,4,47306
M,18,0,46304
F,35,6,27516
M,56,1,30345
F,35,0,44313
M,35,7,61910
M,56,1,4056
M,25,1,6877
F,25,2,11217
M,25,11,15237
F,18,5,78704
F,50,1,14850
M,56,0,43528
F,35,9,7728
M,56,1,15701
M,35,0,6403
M,18,12,78750
F,35,20,44303
M,25,14,6405
F,25,6,80236
M,35,12,78230
M,25,6,19428
M,25,0,33073
M,45,17,99005
M,18,15,45215
M,25,7,60657
M,45,17,18049
F,35,11,15116
M,25,17,27707
M,25,16,80126
M,45,7,75080
M,56,14,11779
M,35,20,84010
M,25,7,94109
F,35,9,48336
M,35,7,66224
M,56,13,32837
F,1,10,47403
M,25,7,60115
M,35,14,1060
M,56,17,28704
M,56,13,19312
M,25,17,2021
F,25,4,2215
M,35,7,52402
M,35,11,98443
M,45,16,63128
F,35,6,8043
F,25,4,94110
M,45,0,24541
M,35,6,94598
F,35,12,54220
M,35,7,4096
M,35,7,77040
M,25,4,94110
M,35,18,98664
M,56,20,78731
F,35,7,66204
M,25,6,49707
F,18,4,2143
M,25,12,1864
F,25,4,48823
M,18,4,43210
M,35,7,60188
F,18,0,19143
M,45,7,2116
M,25,0,85283
M,1,10,8805
M,25,17,54915
M,25,12,27511
M,25,7,24210
M,18,4,6459
F,18,4,14620
M,56,13,72949
M,18,4,90024
M,35,11,46033
M,25,7,24210
F,50,17,87031
F,25,2,10028
F,56,13,74128
M,25,7,30117
M,45,1,60115
M,45,6,65201
M,35,11,52803
M,56,13,72764
M,25,1,27713
F,25,1,27713
M,56,13,24060
M,25,7,44115
F,25,0,60660
M,35,17,94303
F,25,4,1075
F,18,19,33953
M,25,7,96811
M,18,4,96815
F,50,4,96822
F,50,4,96825
M,25,4,96826
F,25,4,96817
M,25,12,98100
M,35,0,20795
M,45,14,19382
M,35,7,22043
F,25,9,28147
F,45,2,27514
M,35,7,30071
M,45,11,2155
M,25,11,60603
M,35,12,27614
M,50,7,17402
M,35,11,48640
M,35,7,11050
M,45,17,92805
M,45,17,94002
F,18,4,2912
M,25,7,22903
M,45,12,80303
M,25,3,50311
F,50,2,22181
F,35,7,92316
M,45,17,22181
M,25,14,60614
M,25,17,36092
M,25,14,72601
M,18,17,53818
F,35,1,30345
M,50,14,50265-2850
F,18,4,90025
M,25,4,85719
M,25,12,10025
F,25,15,91360
F,25,16,28120
M,25,15,77006
F,50,20,27516
M,50,12,60148
M,35,7,29631
M,18,4,97331
M,25,2,10023
M,56,8,12436
M,25,7,36102
M,56,0,1886
M,35,6,80917
M,50,16,63131
F,18,4,48104
M,25,7,91403
M,50,7,2420
M,45,7,55016
M,25,0,99163
M,25,17,90210
M,25,7,20170
M,35,1,14260
M,18,1,92037
M,35,17,10025
M,35,2,78766
M,25,1,92103
F,18,4,90038
M,25,14,22205
M,18,4,95326
M,56,13,94025
M,35,7,10040
M,25,17,94133
M,35,4,45205
F,18,4,48858
M,45,17,78750
M,50,20,20007
M,56,13,29928
M,25,4,60201
M,25,4,60614
M,56,1,90049
M,18,4,90025
M,25,20,85013
M,56,7,10023
M,18,4,2452
M,35,7,70116
M,25,2,20036
M,50,13,33710
M,25,14,92104
F,25,7,94043
M,35,20,10038
M,18,0,55404
F,18,4,73070
F,25,3,12866
M,35,20,10036
M,25,7,94022
F,35,0,46234
M,56,19,6040
M,1,10,15208
F,35,11,22043
M,56,16,60610
M,25,7,10016
F,1,10,64093
M,25,19,94122
M,25,17,60607
M,25,20,55406
M,35,7,2127
M,35,17,60477
M,25,7,60015
M,35,12,53130
M,25,12,55106
M,45,14,44122
F,35,0,2138
M,18,20,10036
M,50,7,10003
M,25,4,2452
M,18,4,2111
F,25,20,94014
M,35,12,10011
M,25,17,94063
M,18,4,2454
M,45,20,10013
M,35,7,94506
M,25,0,32225
M,25,17,20036
M,25,15,85003
M,35,1,33304
M,35,20,60622
M,25,12,7974
M,18,0,49506
M,18,1,95864
M,25,17,10003
M,25,0,60660
M,50,12,98056
M,35,17,30145
F,25,4,78705
M,25,20,87103
M,25,4,74074
F,18,4,91604
M,18,4,10027
M,25,0,47401
M,45,11,94114
M,18,20,94608
F,25,7,94107
M,25,12,98037
M,1,1,444555
F,18,4,64151
M,25,4,94102
M,35,11,22030
M,25,0,10469
F,1,10,72601
M,18,1,95814
M,35,17,20009
M,25,15,6510
M,45,7,55066
F,25,2,27705
F,35,3,11725
F,25,6,21014
M,25,7,53717
M,45,17,15204
M,35,12,94025
M,50,17,7650
M,50,18,95472
F,25,14,98110
M,25,20,94014
F,18,4,64093
F,35,20,20036
M,25,2,10013
M,25,17,2149
M,35,1,80687
F,50,20,88005
M,18,4,60062
M,18,12,55405
F,25,12,77019
M,18,20,78759
M,18,20,30101
F,50,3,53222
F,18,1,80302
M,18,4,60073
M,25,3,66205
M,25,14,55438
M,35,3,55104
M,35,7,90069
F,18,4,66044
M,25,4,84064
M,25,1,94025
M,18,4,44130
M,25,11,7039
M,18,14,60073
M,25,5,97405
M,18,4,2453
M,35,14,94133
M,18,12,95120
M,25,17,78749
M,25,12,98007
M,25,16,20850
M,25,4,16802
M,35,17,55407
M,35,19,55421
F,35,5,12345
M,18,2,74403
M,25,7,43228
M,1,19,75602
F,25,4,55455
F,18,4,48104
F,35,20,98119
M,25,4,92614
M,25,7,23423
M,45,2,98011
M,25,0,60201
M,25,12,98112
M,18,17,88076
M,25,2,55116
M,50,1,53221
M,25,17,52402
M,35,12,44256
F,18,4,94121
F,25,4,23454
F,18,2,55118
M,25,12,24060
M,25,2,90068
M,18,2,60614
M,50,17,45420
M,18,4,16803
M,25,12,55346
M,35,11,32082
F,35,20,91324
M,25,0,55126
F,18,4,94122
F,18,4,48103
F,25,0,55345
F,25,15,94901
M,25,0,2143
M,35,12,98033
F,50,1,93103
M,35,12,95864
F,18,4,48104
F,35,17,89507
M,35,16,92630
F,25,0,2138
M,18,14,48185
M,25,17,98033
M,18,0,72761
F,35,14,94303
M,25,4,6511
M,25,20,23225
M,18,2,11435
M,35,14,92025
M,25,12,50265
M,18,4,48104
M,25,7,91911
M,35,17,6074
M,18,4,48104
M,50,17,91977
M,35,3,94109
F,18,4,48104
M,25,17,7030
F,35,4,48103
F,25,4,48104
M,25,0,94110
F,18,0,48104
M,25,7,6851
M,18,4,48104
M,25,4,48104
M,25,4,97330
F,18,4,48108
M,18,4,48105
M,35,11,20879
M,18,20,86001
F,18,4,48104
M,35,20,45236
M,35,2,45243
M,45,7,91766
M,45,6,52556
M,25,4,54902
M,18,4,97850
M,25,4,48105
M,18,4,97333
M,25,4,24060
M,18,4,15213
F,18,6,92122
M,35,12,97330
M,35,12,45243
M,50,1,48105
M,18,4,14853
M,18,19,12133
M,35,5,95008
M,25,15,97333
M,18,0,63011
F,35,16,45238
F,25,1,45241
M,25,7,33813
M,25,4,55408
M,18,4,94704
M,45,11,90028
M,18,15,94606
F,18,4,2138
M,25,17,94133
M,18,4,45750
M,35,0,33174
M,18,4,94403
F,35,3,55112
M,25,12,78759
M,25,1,10003
M,25,12,78660
M,45,17,97124
M,35,7,6430
M,56,6,62707
M,18,12,78759
F,35,9,85255
M,35,0,45242
M,50,12,97330
F,35,7,60302
F,45,15,78750
M,25,17,78730
F,25,7,92108
M,35,17,14302
F,35,0,90004
F,18,4,45750
M,18,4,85719
M,1,10,12701
M,18,4,92037
M,35,1,48103
M,18,4,48135
M,25,0,47303
M,18,4,2906
F,18,1,33143
F,25,7,90230
M,56,13,14843
F,25,2,97333
F,35,2,97401
F,50,3,33611
M,25,8,22046
M,25,4,97333
M,56,1,49042
M,18,2,90069
M,35,16,77301
M,45,1,90631
M,1,4,46311
F,25,4,94117
M,18,2,2066
F,50,0,2421
M,35,12,94025
M,18,17,94063
M,35,12,10036
F,25,3,55102
M,18,4,44056
F,25,3,98501
M,25,18,10309
F,25,12,55438
M,18,12,55123
M,35,0,75023
F,35,1,92705
M,45,2,29440
M,18,4,3106
M,18,4,3106
M,35,17,90026
F,18,4,48135
M,18,4,61801
F,25,0,2148
F,35,9,66204
M,18,4,97470
F,18,4,10708
M,25,1,2115
M,50,1,55126
M,25,0,90028
M,25,0,23451
F,25,11,6107
M,35,17,30024
M,18,4,43202
F,35,1,2155
F,25,1,55410
M,25,20,55410
M,25,7,77252
F,35,6,45459
F,50,0,97403
M,25,16,1581
M,25,4,78703
M,18,12,98105
F,1,1,90802
F,25,4,87110
M,45,16,93448
M,25,2,90004
F,25,0,19107
M,35,15,98108
F,45,20,89134
M,35,0,30030
F,25,3,6810
F,45,3,38028
F,25,5,10021
M,25,4,55112
M,25,17,20910
F,25,6,91423
M,18,15,91101
M,25,12,34170
M,25,20,64112
M,18,17,2118
M,35,12,98166
M,25,0,33142
M,25,17,92656
M,50,6,22039
F,25,11,43201
M,25,0,10002
M,18,4,56520
M,18,12,98133
M,25,10,55414
M,18,5,65211
M,35,17,48323
M,25,12,98034
M,35,0,83704
M,25,0,77025
M,45,1,37027
M,18,4,55414
M,25,2,32118
F,25,7,22209
M,25,2,90401
M,25,12,30337
M,25,7,10025
M,25,2,32118
F,25,0,10003
M,18,2,10012
M,25,7,21117
M,25,7,32835
F,25,2,90036
M,35,7,98467
M,18,4,33720
M,18,4,55455
M,25,15,12345
F,25,4,72801
M,25,11,11217
M,35,17,46229
M,56,13,89128
F,25,4,78728
M,25,14,81679
M,25,20,85719
F,50,16,90272
F,25,7,85260
M,18,4,2138
M,25,0,31605
M,25,14,49355
M,18,20,72837
M,18,4,92602
F,25,3,92831
F,25,0,92870
M,18,4,61801
F,25,4,73160
F,25,4,95616
M,25,7,55112
M,35,7,7663
M,25,12,92880
M,25,15,15217
F,25,15,15213
M,25,17,77521
M,25,7,55408
M,25,1,08854-3115
M,18,15,95616
M,18,12,55118
M,35,7,60611
M,18,4,32607
M,25,2,77056
F,35,5,94546
M,50,0,23518
M,25,0,8461
F,50,3,10128
M,18,12,55408
M,25,12,55317
F,18,14,10018
M,35,16,10014
M,25,17,95129
F,25,6,94132
F,35,5,44313
F,18,20,2125
M,25,14,7430
M,25,12,7436
M,25,12,12866
M,50,7,60510
F,25,18,21214
M,18,7,55337
M,50,1,92122
M,35,12,32935
M,56,13,55344
M,25,16,90292
M,1,17,97062
M,25,12,27707
M,18,4,2912
M,25,0,92019
M,25,15,92648
M,18,4,80228
F,18,4,45219
F,18,14,94110
M,25,12,94110
M,18,0,57106
F,25,1,98144
M,45,7,35216
F,18,4,24060
M,35,0,90254
M,45,16,80304
F,35,16,80304
M,18,20,44089
M,35,7,60610
M,25,14,30342
M,25,0,21555
F,45,0,2115
M,50,16,20015
F,25,17,11215
F,25,1,83705
F,56,7,10019
F,50,13,55447
M,35,1,54481
F,35,0,92630
M,56,6,48070
F,18,4,54302
M,35,7,54016
M,25,0,19106
M,35,7,10583
M,25,20,10014
F,25,14,93428
M,18,0,15237
M,35,4,10027
F,25,14,60657
M,25,14,5448
F,56,1,93105
M,35,16,92630
M,25,7,55112
M,35,12,92821
M,50,2,60660
F,1,0,90012
M,18,4,87801
M,18,15,87111
M,35,7,5401
M,35,7,10069
F,25,12,7730
M,18,4,55403
F,50,0,20004
M,50,13,94089
M,25,12,98117
F,18,4,92647
M,18,2,8820
F,35,1,85258
M,35,15,92649
F,25,7,94115
F,25,4,92648
M,25,4,90069
M,35,17,15330
M,50,0,76067
F,35,4,26505
F,35,6,95843
F,25,15,91902
M,25,15,92111
M,25,14,94105
M,45,6,2339
F,18,4,95616
M,25,4,44514
M,45,20,87505
M,25,14,55391
M,50,11,66048
F,25,1,94536
M,25,15,53704
F,25,4,95616
M,25,4,78705
M,25,12,4106
F,18,20,45220
M,18,11,45220
F,35,0,92704
M,35,0,8330
M,35,7,11201
M,25,20,2062
M,35,7,10028
M,25,20,55391
M,25,17,94107
M,35,7,10014
M,45,15,92880
M,25,7,33486
M,25,17,79705
M,45,3,20009
M,35,16,66208
M,25,6,48197
M,25,4,44706
F,35,7,80013
M,56,13,27514-3540
M,25,14,94133
M,45,6,95695
M,25,14,90292
F,25,7,27516
F,50,6,79410
M,45,14,37343
M,18,4,78749
M,18,18,92123
M,18,14,90292
M,18,4,91325
M,1,10,20876
F,25,4,19119
M,35,5,19119
F,25,2,85719
M,25,17,74074
M,56,17,6405
F,45,5,92649
M,56,20,94708
M,45,14,60045
M,50,6,90640
F,18,20,15701-1348
M,25,17,20707
M,45,14,12561
M,25,4,90039
F,18,4,90039
M,35,20,90292
M,25,7,6516
M,25,12,78731
M,1,19,92557
M,25,4,78705
M,56,13,30047
F,56,13,92308
M,25,1,56082
M,35,1,95380
F,18,4,68516
M,35,14,11784
M,35,17,48083
F,35,14,39180
M,45,7,64138
M,18,12,91423
M,56,19,91790-1161
M,50,18,72601
F,35,1,47933
F,25,7,6854
M,25,7,6854
M,18,16,29404-2205
M,35,0,9142
M,25,0,10023
M,35,17,93436
M,25,4,97214
M,45,16,8053
M,25,17,44118
M,45,16,48097
M,25,20,91730
F,25,5,92705
F,18,4,79912
M,35,0,8902
M,25,7,18655
M,35,7,54016
F,35,7,91362
M,45,16,94546
F,18,4,92054
F,18,0,20815
F,18,5,92870
M,35,0,30533
M,35,17,92688
M,25,7,18615
M,25,1,400060
M,35,7,95031
M,25,18,64055
F,25,1,91790
M,25,20,22936
F,25,0,92646
M,25,4,91790
F,25,0,90212
F,35,9,4046
M,56,13,17033
M,50,17,23059
M,35,14,8750
M,50,16,10025
M,25,14,55435
M,45,18,14701
M,18,4,92833
M,25,2,55405
M,56,13,55118
M,18,16,94709
M,35,5,64801
M,25,4,89193
M,35,16,10803
M,25,17,3570
M,18,4,48135
M,35,1,20037
M,50,0,20815
M,25,0,96671
F,1,10,55305
M,56,16,3070
M,35,7,91304
F,25,9,32212
M,18,4,55414
M,18,1,94706
F,25,1,92646
M,18,0,13603
F,45,20,2476
M,18,4,48135
M,50,6,8108
M,35,12,60563
M,35,7,90069
M,25,7,2134
M,25,12,15217
M,25,5,55414
M,18,20,30033
M,25,4,14623
M,25,14,8742
M,35,7,76109
M,35,20,30306
M,35,5,48342
M,25,8,95380
M,35,14,92084
F,25,7,85214
F,45,5,60050
M,25,17,14830
M,25,4,48127
M,35,1,20653
M,18,4,2139
M,25,18,85213
F,25,17,92084
M,25,17,75146
M,35,7,80129
M,25,12,20850
F,18,2,14616
F,18,3,22305
M,45,1,16801
F,25,7,48105
M,45,7,94501
M,25,5,43221
M,25,7,84088
M,25,6,92111
M,18,20,48135
M,25,20,90046
M,25,14,78267
M,45,1,47933
F,25,7,94602
F,45,1,15208
F,45,6,48867
M,25,12,27410
M,18,12,55113
M,18,4,48867
M,45,1,48867
M,35,0,98503
F,25,0,37203
F,25,0,78735
M,18,17,76116
M,56,17,32822
F,25,14,94109
M,18,12,20878
F,35,17,48219
M,50,14,33401
F,35,20,92009
M,25,7,30620
M,25,12,94131
F,18,3,60640
M,25,14,2142
M,25,5,78251
F,25,11,94117
M,25,14,7702
M,35,7,7981
M,18,0,92122
F,25,0,7701
M,25,17,54401
M,25,20,19083
M,45,0,2131
M,18,4,76266
M,1,4,10012
M,35,0,95409
F,25,4,73160
M,25,15,80301
F,25,14,78251
M,25,14,45383
M,25,14,94306
M,25,14,55421
M,25,20,94546
M,45,17,2176
M,35,17,49887
M,18,4,80302
M,25,6,33156
F,35,16,2472
M,35,11,10538
M,25,14,33133
M,50,0,44126
F,50,1,10024
M,25,7,10019
M,18,4,78626
M,25,0,59405
M,18,4,94122
M,50,17,8043
F,45,7,30260
M,18,4,28403
M,25,0,94121
F,18,0,98225
M,18,4,60611
M,45,17,80228
M,18,4,60201
M,25,0,74136
M,25,16,28542
M,35,7,77005
M,25,17,61350
M,25,1,28607
M,18,4,94608
M,35,5,92867
F,35,2,94109
M,25,17,28052
M,25,3,77006
M,35,7,20650
F,35,7,30309
F,18,7,80503
M,18,4,59715
M,18,7,2215
F,25,15,55455
M,18,12,80503
M,25,0,2472
M,18,4,2151
M,18,4,2115
F,18,4,2142
M,50,0,88004
M,18,17,2140
M,25,16,1890
M,18,12,30318
M,35,3,55042
M,18,4,42101
M,18,12,53713
F,18,7,11215
F,25,14,11215
M,25,0,40515
M,25,0,53213
M,18,0,97469
M,35,7,53404
F,25,0,83355
F,18,4,2142
M,35,2,62263-3004
M,25,0,53213
M,35,5,41144
F,45,1,97361
M,25,0,77058
F,25,11,55409
F,35,14,10028
M,25,2,55344
M,35,17,68506
M,45,18,77630
M,18,4,57103
M,1,10,97402
M,35,0,40504
F,25,4,77006
M,18,17,57106
M,25,3,2494
M,25,15,14803
M,25,17,60659
F,25,4,92507
M,35,12,92507
M,25,20,41706
M,35,16,94108
M,45,7,92965
F,35,7,60137
M,25,5,55447
F,56,0,98374
F,35,2,2879
M,35,16,61600
M,25,15,15203
M,56,7,55430
M,25,17,3038
M,18,5,48185
M,18,17,66044
M,18,4,11364
F,25,6,74105
M,35,14,63304
F,25,6,32812
M,25,2,33133
M,25,11,2169
M,25,18,53572
M,45,0,53818
M,25,14,54915
M,25,0,98503
F,18,2,48823
M,35,12,19050
M,18,4,10044
M,35,11,4287
M,1,10,48867
F,35,6,33314
M,25,18,54915
M,50,7,68046
F,56,0,231
M,50,3,96714
M,18,0,32219
F,18,3,32219
M,18,1,57382
F,35,0,52405
F,25,9,41075
M,18,0,76543
M,35,20,60640
M,35,20,60640
M,35,3,93611
M,25,2,90068
F,45,0,80010
F,18,15,2115
M,35,6,96158
F,56,2,99701
F,25,9,53719
M,1,0,2322
M,25,0,85024
F,35,4,19104
M,25,17,55446
M,56,1,90210
M,25,16,97378
M,35,20,94506
F,35,3,95405
M,25,12,55443
F,35,7,78704
F,1,10,2879
M,18,12,60640
F,25,15,2445
M,35,17,32506
F,35,9,2879
F,25,17,48239
M,18,6,30064
M,25,2,84321
M,25,14,29609
M,25,0,37205
M,25,0,45458
M,25,17,76028
M,45,0,33759
M,35,7,49034
M,56,17,22657
M,50,16,97116
M,25,7,94117
M,18,4,33023
M,18,1,2446
M,35,11,43209
M,25,12,60068
M,18,10,48439
M,25,17,75075
F,35,1,85287
M,25,7,78731
F,50,7,10022
M,18,4,77005
M,18,4,77005
M,50,11,33881
M,35,18,60441
M,50,1,88001
M,50,1,60062
M,25,0,6708
M,25,6,94127
M,25,2,90038
M,18,4,78250
M,35,7,2370
M,25,0,92008
F,25,7,98188
M,25,17,22302
F,25,11,53711
M,35,17,97232
M,35,20,98106
M,25,7,80202
M,18,4,85210
F,25,0,94115
M,25,0,60611
M,25,14,98103
M,25,12,94608
M,18,15,96661
M,25,17,94901
F,25,7,94121
F,45,5,34610
M,18,17,95121
F,25,7,7090
M,18,4,29649
M,35,7,15137
M,35,12,8852
M,35,16,8753
F,35,9,17055
F,35,1,94043
M,25,0,95903
M,45,0,68144
F,1,10,10706
F,45,7,33324
M,25,14,60148
M,45,14,55123
M,25,4,98102
M,35,5,8406
M,25,2,10003
M,25,20,29205
M,35,7,6680
F,35,12,48109
F,25,12,6906
M,25,0,6880
M,25,4,68108
F,25,1,94939
M,25,7,29662
F,50,1,10706
M,25,2,30606
M,25,17,83713
M,25,5,55100
M,25,7,48070
F,50,1,62221
M,18,6,21202
M,25,0,80906
M,18,0,63116
M,25,7,21030
M,35,17,89147
M,25,15,94062
M,25,12,28227
M,25,2,98502
M,35,7,19149
M,25,15,68516
M,25,7,53202
F,56,3,30127
M,25,14,10021
M,35,1,92614
M,35,15,53095
M,18,12,97402
F,35,0,4255
M,45,7,30076
M,25,12,46725
F,18,0,34744
M,56,7,30097
M,25,12,89502
M,1,10,2818
M,35,0,32506
M,25,17,60042
F,25,7,22201
M,25,17,92111
M,18,5,55428
M,18,12,36115
M,35,17,94533
M,50,17,7728
M,25,1,39759
M,45,7,43065
M,25,15,94065
M,25,18,80538
M,25,14,53048
M,35,6,77083
M,18,4,32608
M,25,17,92882
M,35,7,74401
M,18,4,7030
M,18,4,20037
M,25,1,48911
M,25,17,67443
M,25,17,60153
M,18,4,2777
M,18,4,77840
M,25,0,10009
M,35,1,44242
M,25,14,37127
M,45,7,01904-1355
M,56,11,48070
M,18,5,55116
M,25,0,96818
M,25,0,90266
F,35,7,89128
M,25,0,60645
F,25,9,49442
M,25,5,54703
M,45,13,89109
M,18,4,2026
F,25,0,60664
F,18,4,94116
F,35,12,55555
F,18,1,86314
M,25,7,42518
M,56,7,94612
F,50,14,8810
M,18,12,53188
M,25,7,92612
F,35,5,2021
M,35,6,54751
M,50,0,55128
M,25,17,27613
M,50,6,11746
M,25,2,98502
M,25,1,6111
F,50,3,34744
F,18,1,45458
M,25,0,94305
M,25,4,86314
M,25,15,2446
F,35,3,50322
M,25,1,14982
M,35,17,6074
M,35,6,50265
M,25,0,52556
M,35,12,14619
F,25,4,50265
M,18,4,23112
M,25,0,61832
F,45,2,98383
M,1,0,46979
F,56,11,54401
F,25,0,94602
M,25,7,97267
F,25,1,98027
F,25,20,93401
F,25,0,94115
F,25,0,94703
F,18,0,94587
F,25,0,94110
F,25,17,94618
M,50,18,60516
M,25,6,68108
M,18,4,21093
F,18,4,53211
F,18,4,91405
M,45,14,2021
M,25,7,2420
M,25,7,48326
M,18,0,17844
M,18,1,45458
M,18,12,36115
M,18,0,94520
F,35,9,19006
M,25,6,6511
F,35,1,89031
M,18,4,55104
F,35,19,32095
M,25,7,60010
M,35,6,20650
M,50,7,20016
M,25,15,98103
M,35,17,78749
M,35,7,80910
M,25,15,98102
M,25,17,53406
F,25,3,90020
M,35,3,20122
M,45,17,32837
M,25,12,36115
M,25,17,90804
M,25,20,44313
M,45,20,98027
M,56,7,93711
M,25,17,32308
M,18,1,6279
M,25,1,48105
M,50,2,87020
M,25,20,92101
F,25,1,22307
M,18,4,60630
F,18,6,84780
F,25,7,43214
M,25,1,68516
M,18,2,2322
M,25,7,40515
F,50,8,84770
M,25,17,28804
F,25,14,10033
M,50,14,2651
F,25,0,2176
M,45,18,26101
F,35,16,92054
F,1,10,32043
M,18,4,73071
M,25,12,94065
M,35,0,33884
M,25,7,12801
M,25,15,70809-2612
M,35,0,14086
M,18,3,92278
M,25,12,60657
M,50,16,60302
M,25,14,92614
M,25,14,30340
M,25,17,20886
F,35,20,93449
M,18,14,8822
F,45,9,63119
M,25,0,89145
M,45,17,44129
M,18,4,12604
M,25,17,10025
M,25,0,94558
M,50,20,29630
F,1,10,95864
M,45,14,63130
M,35,3,45215
M,18,12,73112
M,18,17,63544
M,25,17,95050
M,18,4,64468
M,25,1,14613
F,45,2,94558
M,25,7,92103
M,25,0,66605
M,25,0,11235
M,45,1,33705
M,35,16,22124
M,25,3,83687
M,25,7,54942
M,18,2,44515
M,56,14,55337
M,50,16,78411
M,18,4,78759
M,25,12,92728
M,35,7,95008
M,18,4,80513
M,45,17,2067
M,45,6,66203
M,18,4,33143
F,56,16,90039
M,25,20,91505
M,25,6,79401
M,35,16,2139
F,35,0,20723
M,35,0,60914
M,56,17,92069
M,45,11,1772
M,25,17,2135
F,25,14,55343
M,18,14,85282
M,25,5,46239
M,25,0,2542
M,1,10,48445
M,25,17,361069
M,50,17,54409
F,18,14,22201
M,25,0,10021
M,18,17,19104
M,25,20,91505
M,18,0,92037
M,25,4,19104
M,18,17,40207
M,35,4,84123
F,35,3,71111
M,25,4,2134
F,35,9,60618
M,25,18,30189
M,45,0,73702
M,35,17,63126
M,25,14,95820
M,18,4,53211
M,35,2,92115
M,50,12,90254
M,25,12,77042
M,25,2,94404
F,25,16,67846
M,25,0,55812
M,25,5,80227
M,56,3,52240
M,25,5,92117
M,25,7,49221
F,35,6,48073
M,25,0,44512
M,35,18,72118
F,35,12,1464
M,56,2,92020
M,25,2,92711-0571
M,45,7,91405
M,35,20,32708
M,45,17,40031
M,18,4,49855
F,35,7,98074
F,35,16,80401
F,45,1,96778
F,25,12,22207
M,25,0,90019
F,45,12,61554
M,45,0,44266
M,25,4,60056
F,18,4,60014
F,45,1,12449
M,25,12,55117
M,18,4,32601
M,35,0,12831
M,25,0,94930-2010
M,35,11,40242
M,45,7,46112
F,45,1,3768
F,35,14,55014
M,25,1,45230
F,56,0,98115
M,50,20,30030
M,56,16,66502
M,18,11,65202
M,25,0,30096
F,18,2,13603
M,25,2,2903
M,56,7,12345
F,25,2,2903
F,18,4,80228
F,25,6,23229
M,25,7,60614
M,35,0,30741
F,25,5,43229
F,25,0,44107
M,35,14,22180
M,35,13,78252
F,50,9,59072
M,25,4,66762
F,45,0,97701
M,56,13,95929
M,25,0,30606
M,25,7,75089
M,45,16,1880
M,25,7,33324
F,18,4,1742
F,25,14,60647
M,50,12,30030
M,25,16,17350
M,25,7,33309
M,25,4,32653
M,25,0,22015
M,50,7,43081
M,35,17,22810
M,18,14,32825
M,35,17,45255
M,45,0,74354
M,35,17,30701
M,35,7,8876
F,25,1,1860
M,45,16,20880
M,56,13,46143
M,50,0,21050
M,35,7,12110
M,1,7,48038
M,35,12,88005
M,18,1,92802
M,18,7,44039
M,25,14,94533
M,25,17,85210
M,18,4,49503-1313
M,25,1,77803
M,25,0,48316-5601
F,45,3,75605
M,50,0,33901
M,25,14,17972
F,45,20,75214
M,35,17,54601
M,25,6,77034
M,50,20,95236
M,35,14,53403
F,35,9,32404
M,25,5,45011
F,56,6,77018
M,25,7,68164
F,25,7,12533
M,25,4,2140
F,56,3,21114
M,35,7,89128
M,25,0,42445
M,25,12,56301
M,25,6,43551
M,25,0,21113
M,18,4,45251
M,25,1,46530
M,50,16,80206
M,50,6,11510-2001
M,25,16,97401
M,25,20,75006
M,18,3,48005
M,35,15,94002
F,25,15,94002
F,35,3,95826
M,56,13,40511
M,45,17,53545
M,18,4,30606
F,35,1,89431
M,45,11,33133
M,35,6,60061
M,18,14,1604
M,25,2,43551
M,25,18,36264
M,35,3,68122
M,50,0,98826
M,1,10,28270
M,35,6,18249
M,25,6,73118
M,25,14,80232
M,25,18,55412
M,50,6,32726
M,25,7,60559
F,35,1,29070
M,45,0,20851
F,45,5,48341
M,25,0,19010
M,45,20,91607
M,56,3,89185
M,35,15,19406
M,25,15,93107
M,25,17,33823
M,50,6,93111
M,25,6,70003
M,35,6,78746
M,25,16,47901
M,25,17,55344
F,35,2,22030
M,25,15,28226
M,35,17,26505
M,35,1,48912
M,18,12,19403
M,25,20,79912
M,56,14,92630
M,56,13,14215
F,25,6,79416
F,1,10,55391
M,1,4,63376
M,25,3,77057
M,25,7,79416
M,56,6,77379
M,25,17,55410
F,25,0,19063
M,25,4,70806
M,25,17,49017
M,25,0,10013
M,25,15,60004
M,25,7,63366
M,35,7,53150
M,35,17,94954
M,56,6,77096
M,18,4,23233
M,1,10,48655
M,18,16,11211
M,18,16,42141
M,50,7,34243
M,25,16,95437
F,25,0,23221
M,35,17,77536
M,35,3,97202
F,45,7,41722
M,25,15,32603
M,45,18,47129
M,35,17,58503
M,35,14,48187
M,25,15,99353
M,35,7,7040
M,18,4,43551
M,25,3,91221
M,50,1,39401
M,25,16,71118
M,45,7,8876
M,18,19,82070
F,25,4,46807
M,25,18,62330-1408
M,35,2,13676
M,25,17,53188
M,50,17,16803
M,35,6,60025
M,56,11,12144
M,35,6,48439
M,45,7,97720
M,25,17,80112
M,45,4,77009
F,45,12,85283
M,1,10,46321
M,50,16,60056
M,25,7,91941
M,25,7,91423
M,56,14,40207
M,25,0,32112
M,35,17,95014
M,56,7,1040
F,25,5,60441
M,18,4,2451
F,50,1,78681
M,35,17,44301
F,50,7,2889
F,35,7,55021
M,35,1,32792
M,25,0,29672
M,45,20,43201
M,25,14,74114
M,50,17,16801
M,25,1,29440
M,50,17,85712
M,56,20,95123
M,50,18,97321
F,1,10,90039
F,50,9,1450
M,35,20,10027
M,45,0,90404
F,25,14,23221
M,56,7,8901
M,35,1,50677
F,25,14,94114
F,25,7,75240
M,25,20,22032
F,45,6,37766
M,50,0,66048
M,45,7,53713
M,56,16,79705
M,35,7,19901
F,18,11,29063
F,35,3,20110
M,35,0,66204
M,45,7,19008
M,35,17,90680
F,50,16,8033
F,35,20,94949
M,56,13,13502
F,25,7,33177
M,25,18,80903
M,25,1,91730
M,50,7,32114
M,25,14,90274
M,25,7,33308
F,56,20,63026
M,50,7,74137
M,35,14,91364
M,45,17,89108
F,45,15,55446
M,35,17,77521
M,56,13,93907
M,18,4,60637
F,56,13,95050
M,35,14,14221
F,45,1,18042
M,18,4,80631
F,25,9,32712
M,45,7,10543
F,25,0,65550
M,25,7,21234
M,25,18,58270
M,35,7,6905
F,25,15,87801
F,35,1,22947
M,35,1,90731
F,35,0,90403
M,56,0,37363
M,25,17,85710
M,45,5,77662
M,56,18,56716
M,35,7,63125
F,25,0,20121
M,25,7,77006
M,25,17,1752
M,18,4,18042
M,50,17,23233
M,35,17,95125
M,35,0,97225
M,35,4,53818
F,45,17,55976
F,35,17,60148
F,45,1,48198
F,25,3,48197
F,35,6,76021
M,25,19,11414-2520
M,50,18,20706
M,35,17,94010
M,56,13,34235
F,50,18,20706
F,35,20,75287
M,35,4,37917
F,45,3,48130
M,50,2,90029
F,25,3,7960
M,25,14,77450
M,35,16,44691
M,50,7,52402
M,35,17,55330
M,35,7,11767
M,50,7,78704
M,56,7,32137
M,35,17,48146
M,50,12,44286
F,35,7,48034
M,25,4,82601
M,25,4,26508
F,18,17,65203
F,50,0,33313
M,45,7,60139
F,35,3,28262
M,45,11,3301
M,25,17,38654
M,50,12,13041
F,1,2,78945
M,50,16,38122
M,25,17,19711
M,35,17,45380
M,25,16,59079
F,35,6,7950
F,35,6,6512
M,25,7,40205
M,45,1,60102
M,25,12,3060
M,56,13,78681
M,35,7,2171
F,45,20,4046
M,35,18,27603
M,45,7,13211
M,35,7,83405
M,45,17,37923
M,45,13,30030
F,45,1,4258
F,45,16,14468
F,45,0,96821
M,35,16,98133
F,45,7,9094
M,25,16,43215
M,35,17,27587
M,56,13,92120
M,35,0,15801
F,25,9,98632
M,50,7,40601
M,35,0,62704
M,35,17,11554
M,25,7,35244
F,25,9,46580
M,35,14,32068
M,25,17,98661
M,35,14,98125
M,25,0,98178
F,45,9,55391
M,1,10,75633
M,18,18,90605
M,56,6,33030
M,45,15,55391
F,18,14,85705
F,25,2,43617
F,18,4,98125
M,35,11,38135
M,50,1,45385
M,25,2,91910
M,18,0,46250
F,45,17,27616
M,45,7,67301
M,25,0,94122
M,25,0,33702
M,25,0,36301
M,25,4,57006
M,50,13,68502
M,25,18,78757
F,25,7,7067
M,25,17,79925
M,18,4,44266
M,25,6,75080
F,35,14,60202
M,25,5,2891
M,35,7,44125
M,25,5,89114
M,45,7,80525
F,50,6,75605
M,18,4,82072
M,25,5,60010
M,25,0,30082
F,45,13,94931
M,35,17,37221
M,50,3,75650
F,25,14,78232
F,45,6,85719
M,35,6,45011
F,25,3,60606
M,50,2,33134
M,25,1,70458
M,35,0,74011
F,25,0,40241
M,18,20,76135
F,18,5,46222
M,25,2,78748
F,25,17,76021
M,35,17,33433
M,25,0,66614
M,25,12,75007
M,25,1,44240
F,25,14,44304
M,18,17,45701
F,18,20,77304
M,45,0,30189
M,18,2,95843
M,18,2,29118
M,25,12,37919
M,18,4,11010
M,25,7,11215
M,35,14,78611
M,50,14,8028
M,35,16,85730
F,35,9,83616
M,35,17,4457
M,18,4,33168
F,25,9,98001
M,35,15,83616
M,25,17,85016
M,35,14,91602
M,25,18,98001
F,50,16,46350
M,18,15,2215
M,35,0,52057
M,18,17,22043
M,50,7,30306
M,25,16,7701
F,18,4,63109
M,35,17,75010
M,50,12,32920
M,18,4,43201
F,25,5,40241
F,25,5,27203
M,25,0,32444
M,18,17,6040
M,25,4,27278
F,25,1,37153
M,25,4,65804
M,25,18,14620
F,18,4,93940
M,25,0,43623
M,25,4,93940
M,25,5,74055
F,18,4,63109
M,45,3,75074
M,25,4,48072
M,25,0,11201
F,18,4,43402
M,18,4,43402
M,18,4,43402
M,25,4,43402
M,50,6,43402
M,18,1,44221
M,18,4,43402
F,18,4,43612
F,18,4,43403
F,18,4,43402
M,18,4,10027
F,18,14,43614
M,25,15,90066
M,25,1,57106
M,25,14,98103
M,25,16,80013
M,18,4,2143
F,45,2,19033
M,25,14,65023
M,18,19,40475
M,18,4,92122
M,18,4,16802
M,1,13,37130
M,25,4,40504
M,18,0,2215
M,18,4,2134
M,25,15,2135
F,50,0,2139
F,45,12,15801
M,25,15,92557
M,45,0,90024
M,25,5,10463
M,18,4,52241
M,25,7,94109
M,35,7,98607
M,45,17,93401
M,18,0,51104
M,25,14,46940
M,25,5,85705
F,25,0,94403
M,1,14,80401
M,25,12,21045
M,25,0,43081
F,35,7,60201
M,25,7,76904
M,25,12,19067
F,35,5,47129
M,50,0,11947
M,35,6,37664
M,35,1,81005
M,18,4,98105
M,50,15,94303
M,56,2,91321
F,25,12,80126
M,25,3,19806
M,18,18,60435
M,45,5,32953
M,25,14,6880
M,25,12,27513
M,25,15,60611
M,25,14,30101
F,25,7,78666
M,35,0,95667
M,25,20,111225
M,35,7,27511
F,35,2,49770
M,35,14,95492
F,25,4,15701-2017
M,25,1,28027
M,25,14,70005
M,25,20,81101
F,25,0,60156
M,50,7,7405
F,50,1,62052
M,18,4,2148
M,35,11,10022
F,50,6,15333
F,35,7,75601
F,45,12,92037
M,35,12,15089
M,25,6,94108
F,45,16,14424
M,35,1,94121
M,35,7,28805
M,18,4,10020
M,45,1,50588
M,25,7,98908
M,1,12,2138
M,50,13,33015
M,25,0,94403
M,25,18,26104
F,35,1,94044
F,25,6,72703
F,25,17,94613
M,25,4,64112
M,35,8,98674
M,25,7,1850
M,35,7,72703
M,18,4,78613
M,35,5,70123
M,18,4,52405
M,56,13,45322-3132
F,1,10,10025
M,45,0,33460
M,18,4,22906
M,45,2,6513
M,50,0,29678
M,50,7,76054
M,25,6,62702
M,50,7,76054
M,25,17,94118
M,50,0,1379
M,56,1,85374
F,25,0,65775
M,50,7,39648
M,50,16,29464
M,18,4,61820
M,25,20,15701
M,25,7,38261
M,45,7,92503
M,35,7,62234
M,25,1,16508
M,56,0,61704
M,18,3,48604
M,56,13,29449
M,18,4,53142
F,18,1,48067
M,25,0,80903
M,50,7,38135
M,25,4,45810
M,35,12,15202
M,45,1,81004
M,18,2,55304
M,25,2,55113
M,25,14,10021
M,25,20,10012
M,18,0,38111
M,25,14,27605
M,35,6,84102
F,35,1,92103
M,18,4,85701
M,25,7,10025
M,25,12,53045
M,18,4,72202
M,18,19,17517
M,18,12,53715
F,45,1,1379
M,25,12,956456
M,35,19,1054
F,25,14,94301
M,1,10,55427
M,35,0,94610
M,25,2,11105
M,56,1,53705
M,25,16,47274
M,25,7,49686
M,18,12,2115
M,18,2,27514
F,1,10,99016
M,18,16,24541
M,18,12,60622
M,25,0,22306
F,35,16,48237
F,25,9,48306
F,18,9,73008
M,45,16,55011
M,25,14,2134
M,35,14,48217
M,25,7,5346
M,25,0,69301
F,25,9,84037
M,35,10,94133
F,25,6,22903
M,35,12,19107
M,35,14,94085
M,35,17,19473
M,18,4,98105
F,25,4,90034
M,25,0,21532
M,45,17,60185
M,35,7,21013
F,1,10,17036
M,50,16,11963
M,25,4,60614
F,1,10,3608
F,25,7,48237
M,35,7,48306
M,25,0,2134
F,18,4,63332
F,56,13,97113
M,25,1,19103
F,25,0,55408
M,50,1,48371
F,45,0,11372
M,35,7,30324
M,25,4,1604
M,35,14,7920
F,25,4,48042
M,25,17,2139
F,18,20,55104
M,25,15,2143
M,18,4,66044
F,45,1,43202
M,35,16,55303
M,25,18,97034
F,18,4,94611
F,25,4,22207
F,35,3,48237
F,35,0,4287
M,25,0,46240
M,35,14,55415
M,35,7,10021
F,35,2,33619
M,25,15,10461
M,25,15,92656
F,1,10,90291
M,25,0,27403
F,25,0,2144
F,25,4,53951
F,25,4,53951
F,18,4,78705
F,18,4,94702
M,25,12,41042
F,45,1,10469
M,25,17,61615
M,25,20,11717
F,25,6,55433
M,25,14,97202
F,25,1,97225
F,18,17,94606
M,25,4,94305
M,25,12,55433
M,25,16,22207
M,25,12,84062
M,25,7,92691
M,25,14,97219
M,56,1,45224
F,56,6,23225
F,18,4,94309
F,25,4,94610
M,18,4,94111
M,25,0,98040
M,1,0,48302
M,50,20,98119
M,18,4,94703
M,18,2,10010
F,35,9,48302
M,25,4,55417
M,35,11,20895
M,25,4,55417
M,25,7,20016
M,25,0,44691
M,25,0,98115
M,50,1,19481
F,50,6,48094
F,25,6,90405
M,35,20,80222
M,18,4,73071
M,56,13,10025
M,25,7,30041
F,45,0,10036
F,25,7,94115
M,35,12,95051
M,35,20,94574
F,25,1,92037
M,25,17,94041
M,45,14,55416
M,25,4,99163
F,25,14,37076
F,18,4,6074
M,45,15,85255
F,18,4,84109
M,25,4,92037
F,45,7,77006
M,35,2,3431
M,35,1,53704
M,25,14,94117
M,35,14,74012
M,35,7,19004
M,35,5,91343
M,25,12,94043
M,56,13,94306
M,35,16,94705
F,35,7,8318
F,18,4,27514
M,45,14,46038
M,50,6,5055
M,35,2,90292
M,56,13,76051
M,35,0,4473
F,35,15,6119
M,25,7,5346
M,25,0,22101
F,25,0,4473
M,35,1,55454
M,18,1,50201
M,35,14,1746
M,25,9,44310
M,18,12,2215
F,1,10,79605
F,45,17,55419
F,25,7,78703
M,18,1,60626
M,56,7,40505
M,18,18,56002
M,18,12,10027
M,18,10,79605
F,25,6,55417
F,18,0,91765
F,18,4,48109
M,45,17,18036
M,25,11,13031
M,25,7,2035
M,18,20,2601
F,18,0,75115
M,25,14,68502
M,1,0,92804
M,25,0,60647
M,45,0,6804
F,35,16,24450
M,25,17,32250
M,35,17,3824
M,25,17,90245
M,50,1,55405
M,25,2,97205
F,25,16,2465
M,45,17,48310
M,35,7,3885
F,35,9,2816
M,25,2,90035
M,35,11,95405
M,35,12,55122
M,35,7,90014-1718
F,56,6,1852
M,35,5,96707-1321
F,35,16,95828
F,56,0,98801
M,25,19,31401
M,50,16,55347
M,50,11,4102
M,25,17,98033
M,25,14,24450
M,18,18,52301
M,50,1,93105
M,45,3,50312
M,18,20,91505
M,35,16,19003
M,56,1,23608
M,25,3,32580
F,25,3,38134
M,35,7,15203
M,25,3,94118
M,56,13,63122
M,50,15,12740
F,18,4,6268
M,50,1,19087-3622
M,18,4,26201
M,45,16,60302
M,45,0,23462
F,25,0,91107
M,50,15,2474
F,18,4,94121
M,56,1,3825
F,18,0,91107
F,56,7,93060
M,56,16,55901
M,35,17,23451
F,56,13,3261
F,50,0,4259
M,35,17,6110
M,18,15,21042
F,25,14,94110
M,56,11,4259
M,1,10,3608
F,35,16,3301
M,35,16,10014
F,35,9,3769
M,25,4,22030
M,25,1,2571
F,35,7,10012
F,25,4,4101
M,56,17,3801
M,45,1,22314
M,45,14,7458
M,25,17,23462
F,25,3,46227
M,25,2,46142
M,25,0,46227
M,45,3,4011
M,25,12,94114
F,50,6,4086
M,45,1,78212
M,25,0,60618
F,35,6,48105
F,25,14,55104
M,45,6,22630
M,1,11,94610
M,35,7,85331
M,35,2,55104
F,25,2,94133
M,18,4,55116
F,50,7,94123
F,25,6,48108
F,35,0,46142
M,45,16,10962
M,35,7,98103
F,35,17,84067
M,25,1,19335
F,18,4,2809
M,18,4,80521
M,25,4,30349
M,56,1,40601
F,25,16,45750
F,35,1,44107
M,35,1,45750
M,25,17,90031
M,1,2,4101
M,35,0,96707-1321
F,50,4,20902
M,18,12,80526
M,35,1,1773
M,18,14,25301
F,35,9,46077
M,18,14,80526
F,50,18,4849
F,45,6,4240
M,25,1,20912
F,25,17,91007
M,35,18,17350
M,50,11,4210
M,18,19,75080
F,35,0,1545
M,18,4,46219
M,25,7,55411
M,25,17,94602
M,45,12,55436
M,35,0,13045
F,18,20,60194
M,25,0,20008
M,1,10,55317
F,25,1,4210
M,25,14,17857
M,35,16,81321
F,45,9,3862
M,25,20,14450
F,45,16,4074
M,25,5,46254
M,45,1,48309
F,50,6,95014
F,45,6,63135
M,25,12,94114
F,35,1,23062
M,56,1,4032
M,45,7,3840
F,25,1,55413
F,25,2,90066
M,25,12,94131
F,35,6,54971
F,18,4,44515
F,45,3,44555
M,18,17,44406
M,35,0,42025
M,25,7,55346
F,50,13,3851
M,25,12,90034
M,25,7,94110
M,25,14,23434
M,25,1,4086
F,18,14,50401
M,25,2,60640
M,25,4,4309
M,25,0,94086
F,25,9,84037
M,18,20,63132
F,35,14,2130
M,56,12,4085
M,25,16,4101
M,35,17,3820
F,45,6,4578
F,35,3,4108
M,18,12,4096
M,45,1,3909
M,56,11,13760
F,25,4,70808
M,35,0,97403
F,35,17,98201
M,25,4,94703
M,50,4,94070
M,25,3,60626
F,45,9,95030
M,45,16,55406
M,45,11,3301
F,1,10,2906
M,35,14,90266
M,56,1,23513
F,35,17,92509
M,18,2,19072
F,56,0,8055
M,18,4,63108
F,25,1,79928
M,35,17,94132
M,25,12,55405
M,25,17,48092
M,35,7,14607
F,25,3,52001
M,35,6,84103
M,35,16,16844
M,25,1,27713
M,25,12,94402
M,25,20,33626
M,25,7,11228
M,35,14,84057
M,35,12,95952
M,50,15,63121
F,45,1,60417
M,50,17,49506
F,50,7,55082
M,35,15,85282
F,35,12,94014
M,18,12,84041
F,25,0,55421
F,50,20,98115
F,25,1,970025
F,25,1,2453
M,25,12,91423
M,18,20,85054
M,45,0,27312
F,18,12,84107
M,18,0,84058
M,35,1,2144
F,25,15,92507
M,18,17,98121
M,45,18,99826
F,35,0,99801
F,35,6,55401
M,1,10,55616
M,45,0,97520
F,25,3,92103
M,45,1,63105
M,50,17,63033
M,50,17,90031
M,25,7,63303
M,25,15,94040
F,25,0,55108
M,35,17,62958
F,18,4,63144
M,35,0,2108
F,18,4,55406
M,25,7,63105
F,50,11,94102
M,56,20,44281
M,45,12,40515
F,50,0,55401
M,50,17,14568
M,50,0,62234
F,35,1,91106
M,35,17,90035
M,45,2,94618
M,18,4,55104
M,25,16,55421
F,35,17,90291
F,25,14,48067
M,35,12,55082
M,45,0,92679
M,56,13,55804
M,35,15,77007
M,25,2,48197
M,18,7,55403
M,25,17,23454
M,56,1,55116
M,25,7,46220
M,25,6,55439
M,45,17,94931
M,35,0,94110
M,1,10,63123-1507
M,50,14,55407
M,18,4,94708
F,50,20,95404
M,18,19,94111
F,25,12,94526
M,35,7,94086
M,35,0,95118
F,56,2,949702
M,35,20,94131
M,35,0,90065
M,25,11,65775
M,25,4,92507
M,35,14,68108
M,35,2,55423
M,25,1,55403
M,50,1,55406
M,25,12,63043
F,45,16,55116
M,35,0,55405
M,35,0,29063
M,18,12,55401
F,56,8,90210
M,25,17,55105
M,25,0,55121
F,25,4,55407
F,56,14,91791
F,25,2,55106
M,45,17,54022
M,45,17,56001
M,50,20,55419
M,35,7,94550
M,1,10,90210
F,18,4,48433
F,56,13,92407
M,25,4,46254
F,25,2,63119
M,25,17,90505
M,35,12,49508
F,56,1,90402
M,45,16,92807
M,35,3,48827
F,18,4,91030
M,25,20,60615
F,45,16,65441
M,45,15,63119
M,18,4,64154
M,50,15,48103
M,18,4,26241
M,45,0,92626
M,35,6,92672
F,35,1,89447
M,35,12,91104
F,56,12,90290
M,25,7,10025
F,56,13,90241
M,50,6,90504
M,35,7,91001
M,35,20,91505
F,45,1,14618
M,25,20,60615
M,25,17,92584
F,25,14,5345
M,25,12,92404
M,25,4,70115
M,18,1,70006
F,25,4,89431
M,18,17,2139
F,56,13,60506
F,25,15,62901
F,25,17,19810
M,35,7,14850
M,35,12,11375
M,25,20,10010
F,35,4,97068
M,45,12,44312
F,45,6,60031
F,18,2,55408
F,18,6,92145
F,35,6,23507
M,35,0,43081
M,25,16,60614
M,45,6,23452
F,35,7,30350
M,25,12,60613
F,18,4,11024
F,50,7,11771
M,35,16,2536
M,25,4,84111
M,35,2,20818
F,35,16,97330
M,45,1,16673
M,50,7,84093
M,56,17,84121
M,45,16,22652
M,45,17,84109-2001
F,18,19,5070
M,50,16,65401
F,1,10,22801
M,18,4,43215
M,25,14,28715
F,25,1,23603
M,56,13,97520
M,35,7,19004
F,56,0,95062
M,25,2,55344
F,25,7,75093
M,45,17,97330
M,56,2,93950
M,1,0,20132
M,50,6,97470
M,25,3,19147
M,25,2,20037
M,45,7,19067
M,25,4,70003
F,50,12,95472
F,18,4,19102
M,35,1,23185
M,25,4,16803
M,18,4,10013
M,56,17,75225
M,25,1,23462
F,25,6,19102
M,25,17,38111
F,35,16,77027
F,35,19,75069
M,25,17,19810
M,56,14,18954
M,50,7,19047
M,18,10,67206
F,35,1,23508
M,25,11,75206
M,56,16,19131
M,50,7,19380
M,18,0,2780
M,50,6,193122042
M,25,0,90069
M,25,12,90240
F,35,16,78222
M,35,20,19108
M,50,7,18977
F,35,1,19348
F,45,0,8081
F,25,9,93940
F,45,6,19802
M,35,15,78250
M,35,2,78006
M,35,13,89128
M,25,0,55408
F,1,10,22932
M,56,12,2143
M,35,6,95521
F,25,0,70118
M,1,10,95123
F,25,0,10011
M,50,7,80302
M,25,7,91608
M,25,0,20009
M,50,12,34761
M,35,2,20818
M,45,0,10016
M,25,11,2453
M,45,5,98502
M,50,7,94709
M,45,17,40515
F,50,1,33149
F,25,1,77707
M,35,7,77565
M,18,11,10028
M,25,17,95014
M,35,7,64055
M,25,12,91106
M,18,18,65265
M,25,17,35205
M,50,16,12866
M,25,6,35205
M,18,17,55423
M,25,1,92101
M,18,4,44502
F,50,0,66762
M,35,7,77565-2332
M,56,1,4240
M,18,0,48314
M,25,20,98101
M,35,1,10012
M,25,3,98034
M,18,19,30662
F,25,4,44406
M,25,7,60046
M,25,16,20007
M,25,16,33301
M,18,14,10024
M,35,1,74012
F,18,4,44509
M,35,7,37027
F,18,4,90066
M,25,4,30052
M,25,17,94043
M,45,6,53216
F,35,17,91107
M,35,6,91103
M,50,6,42420
M,18,15,6114
M,35,7,1720
F,50,4,53562
M,18,4,63141
M,56,17,92009
F,35,11,5602
M,1,10,60423
M,45,1,45208
F,35,9,33445
M,1,10,60423
M,45,14,30005
M,50,0,45420
M,25,12,94110
M,35,11,85044
M,25,7,19003
F,35,7,55441
F,18,20,45202
M,18,20,67212
F,35,4,44485
M,35,12,96555
M,18,16,6510
F,35,9,44406
F,45,7,80304
F,35,0,85024
F,25,4,55455
M,25,7,80303
M,35,12,14619
M,25,7,55409
M,35,7,80304
M,56,7,20814
F,56,3,75001
F,18,4,55118
F,25,1,35243
F,35,15,43065
M,50,7,95376
M,18,4,2871
F,45,6,1545
M,50,13,56342
M,25,1,2908
M,35,7,91302
M,25,0,98102
M,25,4,55455
M,50,1,46077
F,35,17,60618
M,25,1,40214
M,18,2,90025
M,18,0,31211
F,35,9,7452
F,56,6,91941
M,18,2,81291
M,25,17,1060
M,18,0,89129
M,18,4,94706
M,25,7,91436
F,56,1,96734
M,25,12,94501
M,56,10,11361
M,35,1,10016
M,18,4,55120
M,35,0,98122
M,18,10,64050
M,1,0,75070
M,25,0,60173
M,25,12,91104
M,35,7,92506
M,25,4,14607
M,25,5,97213
F,25,0,60657
M,25,4,14607
M,25,14,46268
M,25,7,55441
F,50,16,7462
M,35,7,7043
F,25,0,94104
F,25,4,2138
M,25,1,14608
M,1,10,54220
M,18,4,1095
F,45,1,27615
F,18,0,64030
F,1,10,1915
F,45,14,22206
F,45,14,75006
M,50,6,1545
F,25,17,97330
M,25,20,60622
F,56,13,2838
M,18,4,32606
M,1,10,55305
M,25,16,30269
F,25,2,10019
M,35,4,58369
M,25,6,94404
M,35,7,78705
M,35,12,10025
F,25,14,46220
M,35,7,40601
M,18,4,15217
M,45,1,97405
M,35,1,42718
M,35,7,20191
F,25,2,68502
M,18,0,37211
M,25,12,87571
F,25,0,94110
M,25,7,90210
M,56,20,91030
M,25,0,60611
M,25,17,60611
F,25,4,91740
M,25,20,91740
F,25,7,55122
F,25,14,55418
M,18,4,12604
M,25,2,90210
F,18,4,63146
M,18,2,63138
M,25,16,55426
M,18,4,55410
M,45,16,97068
M,25,8,85203
M,56,13,94114
M,45,2,94102
F,18,4,60613
M,45,1,44406
M,25,0,97401
M,25,12,95030
M,25,2,60626
M,35,7,55124
F,1,0,27245
M,25,12,19067
M,35,17,55126
M,25,2,43202
M,25,20,94111
M,25,17,693
F,1,10,2332
F,56,6,45504
F,35,9,55410
F,18,4,95602
F,25,17,92121
M,25,5,85281
M,56,7,27410
M,25,0,2478
F,56,1,60605
M,50,0,62025-8000
M,25,1,10463
M,56,0,55406
F,25,0,94107
M,25,12,22903
M,18,4,55104
F,25,0,2138
M,18,17,98122
M,18,17,94941
F,18,5,43201
M,25,4,2457
M,35,17,97330
M,25,20,94122
M,25,7,2150
F,50,7,86001
M,25,2,55408
M,25,7,55408
F,25,4,91740
F,25,5,91773
F,25,0,19143
M,35,14,6880
M,18,4,30332
F,25,7,2332
F,56,13,46140
M,25,14,75093
M,56,7,75041
F,35,3,02725-1010
M,25,17,27609
M,18,17,60193
F,50,3,95032
F,25,3,85018
F,35,7,22039
F,25,9,60201
F,50,1,98177
F,25,17,80003
F,25,3,97330
M,25,6,53705
M,18,5,55414
F,50,2,97424
M,18,5,55344
F,45,1,85259
F,35,5,55306
M,25,6,77030
F,45,3,78759
M,56,0,78232
M,45,0,78703
F,18,20,60123
M,35,7,10625
M,18,16,27705
M,18,12,43650
F,50,16,92026
M,35,13,63130
M,56,13,30673
F,25,3,55408
M,18,12,90250
M,18,12,90045
M,18,4,55344
F,25,17,20120
M,25,15,2139
M,25,12,98074
M,25,11,55408
M,25,4,10549
M,18,12,55112
M,35,7,38018
M,25,0,2131
M,25,17,94538
F,18,3,10017
M,35,18,10463
M,25,7,84095
M,18,4,1125
M,25,14,10009
M,18,4,7461
M,35,1,55430
F,25,3,94117
M,25,12,85226
M,25,14,60045
F,25,1,45056
F,18,4,10580
M,45,7,1905
M,1,0,78130
M,25,7,10016
M,50,1,98112
M,35,7,10471
M,18,0,60618
M,50,1,13224
M,25,6,89118
M,18,0,60451
M,56,17,71301
M,25,1,12553
F,18,4,30010
F,18,1,20003
F,25,0,30102
M,1,10,59801
M,25,0,30068
F,50,7,12866
F,35,0,49504
F,35,17,30096
M,25,20,11230-1710
M,45,1,60091
F,45,2,21212
F,1,19,14850
M,25,12,97330
M,35,1,59801
M,1,10,7652
F,25,7,3862
F,25,5,1801
M,18,17,19030
F,25,0,53589
F,18,12,5055
F,1,19,14850
M,35,17,22030
M,50,7,94114
F,50,5,60714
F,35,2,80012
M,18,4,53211
M,25,14,95821
M,35,19,11201
F,25,6,28412
F,25,1,2460
F,45,1,26505
M,56,1,19026
M,56,13,1742
F,35,17,45014
F,25,7,60618
M,45,18,2557
M,18,4,90024
M,25,11,55426
M,25,14,60048
M,56,13,19119
F,45,2,37923
M,50,7,95762
M,25,7,63110
M,25,12,1915
F,18,4,55449
M,25,0,43223
F,50,1,65203
M,45,2,60626
M,45,19,60626
M,18,12,1702
M,18,12,2143
F,25,1,98115
M,35,6,10011
M,18,4,30305
M,35,7,10001
F,18,17,55449
M,35,1,32312
M,18,12,55405
F,18,2,98102
F,1,10,99016
M,18,4,2143
M,50,0,94025
M,25,17,89103
M,35,0,53202
M,35,7,77079
F,25,0,10019
M,25,12,98033
M,35,0,63366
M,25,12,94618
M,35,12,20171
M,56,7,20003-2712
M,18,7,10016
M,35,1,27909
M,25,1,20120-6354
M,25,12,20009
M,25,4,94110
F,35,0,20037
M,35,1,55343
M,35,7,2766
M,35,1,50014
F,25,14,7030
M,45,12,55449
M,18,7,10014
F,25,6,15202
M,45,17,21742
M,25,4,8544
M,25,0,17821
M,25,17,95136
M,25,15,91125
M,18,7,94104
M,45,17,80907
M,18,7,10016
M,18,4,55104
M,35,12,96797
F,35,17,94306
F,18,4,95076
M,25,7,90069
M,25,4,60201
F,50,1,62901
F,25,19,60201
F,35,20,14850
M,25,2,33334
M,25,2,66044
F,25,9,55409
M,45,7,85287-2702
F,25,4,2141
F,18,14,60610
M,45,7,44325
M,25,20,94519
M,25,0,11215
M,18,4,191004
M,45,1,92407
F,25,17,1701
M,35,1,91768
F,1,10,76501
M,18,4,16101
F,50,16,98257
M,56,0,80210
M,50,17,78666
M,35,15,33167
M,45,1,18901
F,25,6,2118
M,25,14,2460
M,35,0,60187
F,1,10,26505
F,1,10,55311
F,35,2,27514
M,25,1,70803
M,50,1,45840
M,18,6,5273
F,18,4,63141
M,50,17,9056
M,25,17,27408
F,50,2,10025
M,45,16,30102
M,25,15,94538
M,25,16,67204
F,56,1,10543
M,45,12,55102
F,25,20,91403
M,35,1,19149
M,56,7,93924
M,45,7,11576
M,25,17,97401
M,25,15,8876
F,35,16,98072
M,18,14,26301
F,18,4,10025
F,18,4,2138
F,50,9,76034
M,35,15,48187
F,35,20,98103
M,50,7,23233
M,35,3,29425
M,25,1,92116
M,1,10,37830
M,45,6,92103
M,35,14,33701
M,1,10,2446
M,50,1,77706
F,35,17,98036
F,25,3,74075
F,35,1,54650
F,25,7,11753
M,45,20,2446
M,18,17,2114
M,35,7,20901
M,50,3,78704
M,18,4,49841
F,18,1,7666
M,25,1,7666
F,25,9,7307
F,25,4,63119
F,35,1,14619
M,25,0,20878
M,35,7,19808
M,25,4,55369
M,50,1,12970
F,18,1,2109
F,35,7,7039
M,45,7,1581
M,25,0,10016
M,45,1,50011
M,56,15,37830
F,50,0,10016
M,25,4,10016
M,35,20,94107
M,25,17,22041
F,25,20,60640
F,25,0,4101
F,45,12,94117
M,18,0,10009
M,25,1,53706
M,50,16,90210
F,45,0,55419
M,25,20,90027
M,35,12,22201
F,18,4,95008
M,18,4,27607
M,35,7,90020
F,45,0,12833-2000
M,35,1,98225
M,35,0,97212
M,50,7,2461
M,35,15,63117
F,18,2,95008
F,25,14,21046
M,18,4,11209
M,18,3,78722
F,50,1,30602
F,25,1,54880
F,35,7,4015
F,25,1,2148
F,35,0,98622
M,25,0,12833
M,35,7,7028
M,45,1,8840
M,25,14,48336
F,18,4,92612
F,18,4,22310
M,35,14,55330
M,25,7,2135
M,35,15,1775
M,25,11,84109
M,25,7,19380
M,25,1,1760
M,56,16,32043
M,25,0,7040
M,18,4,90024
M,25,14,2465
M,35,17,6854
M,35,12,1944
F,18,4,78628
M,50,1,98262
M,25,14,55406
F,35,9,6854
M,25,7,98102
M,1,10,11102
M,18,1,32601
F,18,4,62025
M,35,17,78765
F,25,17,48473
M,1,10,73013
F,35,1,84108
F,18,4,92833
M,25,2,87123
M,18,4,96744
M,18,1,62522
M,25,17,48473
F,18,4,90025
F,35,12,91104
F,25,6,74105
M,18,0,47901
M,50,1,74105
M,25,4,95616
F,25,6,77054
M,25,15,3755
M,50,14,92026
M,56,0,32043
M,25,0,20874
M,25,2,78722
F,25,15,3255
M,1,10,7960
F,35,20,75093
M,18,4,48363
M,18,4,10461-1301
M,18,16,11209
M,35,7,10009
F,25,3,41030
M,56,1,90024
M,18,4,48109
M,25,1,2146
F,25,4,43212
F,35,1,55417
M,35,7,94306
M,35,14,30030
M,25,20,78746
M,25,1,13210
M,35,17,98103
M,35,2,33020
M,50,20,94117
F,25,7,92122
M,18,0,23455-4959
F,18,9,94538
M,18,16,94110
M,25,17,94117
M,56,16,60610
F,1,0,55403
F,18,4,78666
M,25,0,84119
M,18,4,78666
M,35,14,66013
F,25,7,29615
F,25,4,90034
F,25,12,90640
F,35,3,21221
F,25,14,97367
M,25,0,95826
M,35,14,55418
M,35,15,94706
F,18,14,55426
M,25,7,55311
M,18,0,90034
M,56,1,14068
F,18,4,90024
F,18,4,90024
M,18,17,8550
M,25,12,1060
M,35,1,90034
M,18,4,90024
M,25,15,90034
M,25,7,47714
M,35,1,90024
F,50,7,91362
M,35,2,96753
M,18,4,90024
M,1,10,3756
M,25,0,3766
F,35,14,38018
M,56,7,21773
M,25,0,60610
M,45,11,90046
M,25,20,48103
M,18,12,55057
M,25,15,94102
M,18,2,10018
M,25,1,77845
M,25,4,92843
F,35,20,9824
M,18,10,99016
M,18,0,94111
F,25,11,10022
F,25,11,2111
M,25,4,48109
F,25,14,10022
M,25,6,19342
M,25,1,8904
M,45,15,93555
M,25,12,55406
M,25,7,90212
M,25,1,60613
M,50,13,60622
F,25,12,20850
F,35,0,55442
F,25,4,66044
F,18,4,90024
M,18,15,94061
M,25,0,3755
M,25,0,92155
M,25,2,94117
M,18,1,4101
F,1,0,14167
F,56,0,14850
M,18,17,78758
F,18,1,60640
F,35,2,78744
F,1,10,98110
M,1,10,5667
F,50,1,29642
F,25,1,8904
M,18,12,10549
M,25,20,90048
F,35,6,55125
F,25,1,8904
F,50,12,77098
M,25,11,44515
M,56,14,96744
M,25,2,75287
F,1,7,20852
M,45,14,5602
M,25,0,80231
M,25,7,95616
M,35,7,16365
M,25,6,89123
M,18,4,94118
M,25,11,10024
M,18,12,97205
M,1,0,5667
M,35,12,85257
M,25,5,10011
M,18,17,92886
M,25,2,11106
F,35,0,55459
F,45,1,92106
M,18,10,56137
F,25,7,60607
M,25,6,53211
M,25,20,90802
M,25,0,92646
M,25,17,91107
F,35,0,55303
M,18,4,44074
M,25,17,43201
M,25,2,91602
M,35,17,53703
M,25,1,92688
F,25,7,10003
M,25,7,78757
M,35,0,80027
M,25,5,80916
M,35,18,90804
M,25,16,4103
F,25,0,98105
M,1,10,1597
F,35,7,94306
F,25,0,90802
F,50,1,8826
M,35,7,1940
F,25,7,37206
M,25,7,37206
M,50,16,95070
M,18,4,60202
F,25,7,92120
M,25,7,94117
M,25,0,91403
M,25,20,90048
M,25,0,70119
M,25,17,33028
M,25,4,92821
M,50,6,70808
M,45,0,43615
M,25,15,2139
F,35,4,78212
M,25,12,2144
M,18,12,18052
F,25,4,43201
M,18,4,60201
M,25,2,55118
M,25,17,90048
F,25,4,78223
F,18,4,78209
M,25,1,92120
F,25,0,78240
F,35,0,78253
M,56,16,92106
F,35,0,55406
M,25,0,91604
M,25,7,60607
F,45,7,2038
M,25,1,27106
F,1,0,44260
F,35,7,10024
M,25,4,43201
M,35,1,83301
F,1,10,2131
F,25,3,79411
M,45,16,78204
F,18,4,2464
M,50,20,20009
M,35,17,97124
F,25,7,78230
F,18,20,55410
F,25,1,94044
M,50,19,13903
M,45,7,33135
M,50,7,19462
F,25,7,78232
F,45,2,43229
M,25,4,1002
M,25,7,89117
F,25,4,91428
F,50,1,98499
F,25,9,76120
F,25,14,89511
F,50,1,28043
M,25,17,95926
F,25,6,6114
F,45,3,91306
M,35,14,85331
F,25,7,19103
M,25,14,98109
F,25,4,1002
M,25,17,61265
M,18,12,10021
M,25,4,1002
M,25,4,19103
M,50,7,30066
M,18,12,2138
F,25,0,60640
M,35,7,2135
M,25,1,8904
M,35,17,30303
M,35,7,60510
F,18,0,2138
M,18,4,20057
M,25,1,96930
M,25,20,2139
F,35,20,61821
M,25,20,64114
M,50,20,6033
M,35,20,77008
M,18,4,55404
M,45,2,10920
M,25,7,2139
M,35,0,70748
M,25,1,43026
M,25,0,60657
M,25,20,2152
F,18,0,2143
M,35,17,30024
M,25,7,60628
F,35,7,92075
M,50,16,77079
M,25,11,6851
F,45,12,954025
F,35,20,78006
F,18,4,19803
M,25,2,11217
M,25,4,19711
M,18,20,91330
F,45,20,10033
F,25,17,80301
M,25,1,77064
F,18,0,47901
M,35,2,91344
M,18,4,58102
M,50,20,48230
F,50,1,94550
M,25,12,55105
M,18,0,47933
F,25,1,5401
M,25,6,15146
M,56,3,94561
M,25,7,5401
M,35,0,55417
F,25,0,90035-4444
F,50,7,65712
M,35,14,10003
M,45,1,14760
F,35,0,33607
F,35,17,78681
F,18,7,94111
M,18,14,90038
M,25,2,98227
M,25,14,77075
M,18,0,35115
M,18,4,37130
M,25,12,60622
M,25,1,35401
F,45,15,77040
M,50,12,3062
F,25,0,60640
M,45,1,1867
F,45,1,19806
F,18,10,27606
F,35,2,35229
F,56,1,55406
F,45,16,97215
M,56,13,12124
M,18,17,47901
M,25,4,19713
M,18,4,77005
F,45,1,78231
M,1,10,21030
M,45,11,70802
F,25,7,34952
F,18,4,2142
M,18,20,2038
M,45,14,94301
F,18,4,14850
F,45,0,70460
F,45,0,78757
M,35,7,80221
M,25,15,2140
M,18,5,97202
M,25,17,77449
F,35,9,10021
M,50,16,73069-5429
M,56,7,98103
M,45,13,77706
M,35,11,55438
M,35,7,49504
F,25,20,55428
M,1,10,54701
F,25,1,32303
M,25,14,55104
F,25,1,26542
M,35,1,90012
M,35,1,49307
M,25,1,43214
M,56,1,42503
M,35,7,1776
M,35,1,56082
M,25,3,29208
M,25,1,60657
F,18,4,78705-5221
F,56,1,1060
M,25,16,10003
M,25,15,94022
F,1,10,74114
F,25,20,90046
F,35,20,94025
F,18,4,21046
F,50,20,50010
M,35,1,32501
F,35,1,14618
F,25,0,87114
F,25,7,10016
M,18,4,61820
F,25,1,55455
M,45,17,30075
F,25,7,94117
M,50,0,43231
F,45,17,78722
F,25,15,28401
F,25,5,28401
F,1,0,1036
M,35,17,80537
M,18,4,78705
F,25,12,60540
M,35,0,79606
M,35,15,80538
M,35,15,2871
F,25,20,32301
M,45,1,80634
F,25,9,80013
M,45,1,37209
F,35,7,21117
M,35,1,48906
M,25,0,10024
M,50,16,10023
M,25,12,8876
M,25,17,57006
M,25,0,43213
M,25,12,53705
F,25,1,32607
M,35,6,11210
M,18,4,20742
M,18,4,94133
F,25,1,23185
M,25,17,32618
F,18,0,45123
M,45,7,55108
M,50,13,78232
M,25,14,94117
F,25,1,78734
F,25,15,32603
F,45,1,76006
F,56,1,14706
F,45,0,1060
M,25,6,11106
